customerID,Gender,SeniorCitizen,Partner,Dependents,tenure,MonthlyCharges,TotalCharges,Churn
7590-VHVEG,0,0,1,0,1,29.85,29.85,0
5575-GNVDE,1,0,0,0,34,56.95,1889.5,0
3668-QPYBK,1,0,0,0,2,53.85,108.15,1
7795-CFOCW,1,0,0,0,45,42.3,1840.75,0
9237-HQITU,0,0,0,0,2,70.7,151.65,1
9305-CDSKC,0,0,0,0,8,99.65,820.5,1
1452-KIOVK,1,0,0,1,22,89.1,1949.4,0
6713-OKOMC,0,0,0,0,10,29.75,301.9,0
7892-POOKP,0,0,1,0,28,104.8,3046.05,1
6388-TABGU,1,0,0,1,62,56.15,3487.95,0
9763-GRSKD,1,0,1,1,13,49.95,587.45,0
7469-LKBCI,1,0,0,0,16,18.95,326.8,0
8091-TTVAX,1,0,1,0,58,100.35,5681.1,0
0280-XJGEX,1,0,0,0,49,103.7,5036.3,1
5129-JLPIS,1,0,0,0,25,105.5,2686.05,0
3655-SNQYZ,0,0,1,1,69,113.25,7895.15,0
8191-XWSZG,0,0,0,0,52,20.65,1022.95,0
9959-WOFKT,1,0,0,1,71,106.7,7382.25,0
4190-MFLUW,0,0,1,1,10,55.2,528.35,1
4183-MYFRB,0,0,0,0,21,90.05,1862.9,0
8779-QRDMV,1,1,0,0,1,39.65,39.65,1
1680-VDCWW,1,0,1,0,12,19.8,202.25,0
1066-JKSGK,1,0,0,0,1,20.15,20.15,1
3638-WEABW,0,0,1,0,58,59.9,3505.1,0
6322-HRPFA,1,0,1,1,49,59.6,2970.3,0
6865-JZNKO,0,0,0,0,30,55.3,1530.6,0
6467-CHFZW,1,0,1,1,47,99.35,4749.15,1
8665-UTDHZ,1,0,1,1,1,30.2,30.2,1
5248-YGIJN,1,0,1,0,72,90.25,6369.45,0
8773-HHUOZ,0,0,0,1,17,64.7,1093.1,1
3841-NFECX,0,1,1,0,71,96.35,6766.95,0
4929-XIHVW,1,1,1,0,2,95.5,181.65,0
6827-IEAUQ,0,0,1,1,27,66.15,1874.45,0
7310-EGVHZ,1,0,0,0,1,20.2,20.2,0
3413-BMNZE,1,1,0,0,1,45.25,45.25,0
6234-RAAPL,0,0,1,1,72,99.9,7251.7,0
6047-YHPVI,1,0,0,0,5,69.7,316.9,1
6572-ADKRS,0,0,0,0,46,74.8,3548.3,0
5380-WJKOV,1,0,0,0,34,106.35,3549.25,1
8168-UQWWF,0,0,0,0,11,97.85,1105.4,1
8865-TNMNX,1,0,1,1,10,49.55,475.7,0
9489-DEDVP,0,0,1,1,70,69.2,4872.35,0
9867-JCZSP,0,0,1,1,17,20.75,418.25,0
4671-VJLCL,0,0,0,0,63,79.85,4861.45,0
4080-IIARD,0,0,1,0,13,76.2,981.45,0
3714-NTNFO,0,0,0,0,49,84.5,3906.7,0
5948-UJZLF,1,0,0,0,2,49.25,97,0
7760-OYPDY,0,0,0,0,2,80.65,144.15,1
7639-LIAYI,1,0,0,0,52,79.75,4217.8,0
2954-PIBKO,0,0,1,1,69,64.15,4254.1,0
8012-SOUDQ,0,1,0,0,43,90.25,3838.75,0
9420-LOJKX,0,0,0,0,15,99.1,1426.4,1
6575-SUVOI,0,1,1,0,25,69.5,1752.65,0
7495-OOKFY,0,1,1,0,8,80.65,633.3,1
4667-QONEA,0,1,1,1,60,74.85,4456.35,0
1658-BYGOY,1,1,0,0,18,95.45,1752.55,1
8769-KKTPH,0,0,1,1,63,99.65,6311.2,0
5067-XJQFU,1,1,1,1,66,108.45,7076.35,0
3957-SQXML,0,0,1,1,34,24.95,894.3,0
5954-BDFSG,0,0,0,0,72,107.5,7853.7,0
0434-CSFON,0,0,1,0,47,100.5,4707.1,0
1215-FIGMP,1,0,0,0,60,89.9,5450.7,0
0526-SXDJP,1,0,1,0,72,42.1,2962,0
0557-ASKVU,0,0,1,1,18,54.4,957.1,0
5698-BQJOH,0,0,0,0,9,94.4,857.25,1
5122-CYFXA,0,0,0,0,3,75.3,244.1,0
8627-ZYGSZ,1,0,1,0,47,78.9,3650.35,0
3410-YOQBQ,0,0,0,0,31,79.2,2497.2,0
3170-NMYVV,0,0,1,1,50,20.15,930.9,0
7410-OIEDU,1,0,0,0,10,79.85,887.35,0
2273-QCKXA,1,0,0,0,1,49.05,49.05,0
0731-EBJQB,0,0,1,1,52,20.4,1090.65,0
1891-QRQSA,1,1,1,1,64,111.6,7099,0
8028-PNXHQ,1,0,1,1,62,24.25,1424.6,0
5630-AHZIL,0,0,0,1,3,64.5,177.4,0
2673-CXQEU,0,1,0,0,56,110.5,6139.5,0
6416-JNVRK,0,0,0,0,46,55.65,2688.85,0
5590-ZSKRV,0,0,1,1,8,54.65,482.25,0
0191-ZHSKZ,1,1,0,0,30,74.75,2111.3,0
3887-PBQAO,0,0,1,1,45,25.9,1216.6,0
5919-TMRGD,0,0,0,1,1,79.35,79.35,1
8108-UXRQN,0,0,1,1,11,50.55,565.35,0
9191-MYQKX,0,0,1,0,7,75.15,496.9,1
9919-YLNNG,0,0,0,0,42,103.8,4327.5,0
0318-ZOPWS,0,0,1,0,49,20.15,973.35,0
4445-ZJNMU,1,0,0,0,9,99.3,918.75,0
4808-YNLEU,0,0,1,0,35,62.15,2215.45,0
1862-QRWPE,0,0,1,1,48,20.65,1057,0
2796-NNUFI,0,0,1,1,46,19.95,927.1,0
3016-KSVCP,1,0,1,0,29,33.75,1009.25,0
4767-HZZHQ,1,0,1,1,30,82.05,2570.2,0
2424-WVHPL,1,1,0,0,1,74.7,74.7,0
7233-PAHHL,1,0,1,1,66,84,5714.25,0
6067-NGCEU,0,0,0,0,65,111.05,7107,0
9848-JQJTX,1,0,0,0,72,100.9,7459.05,0
8637-XJIVR,0,0,0,0,12,78.95,927.35,1
9803-FTJCG,1,0,1,1,71,66.85,4748.7,0
0278-YXOOG,1,0,0,0,5,21.05,113.85,1
3212-KXOCR,1,0,0,0,52,21,1107.2,0
4598-XLKNJ,0,1,1,0,25,98.5,2514.5,1
6380-ARCEH,1,0,0,0,1,20.2,20.2,0
3679-XASPY,0,0,1,1,1,19.45,19.45,0
7123-WQUHX,1,0,0,0,38,95,3605.6,0
5386-THSLQ,0,1,1,0,66,45.55,3027.25,0
3192-NQECA,1,0,1,0,68,110,7611.85,1
6180-YBIQI,1,0,0,0,5,24.3,100.2,0
6728-DKUCO,0,0,1,1,72,104.15,7303.05,0
9750-BOOHV,0,0,0,0,32,30.15,927.65,0
8597-CWYHH,1,0,0,0,43,94.35,3921.3,0
2848-YXSMW,1,0,1,1,72,19.4,1363.25,0
0486-HECZI,1,0,1,0,55,96.75,5238.9,1
4549-ZDQYY,0,0,0,0,52,57.95,3042.25,0
5712-AHQNN,0,0,0,0,43,91.65,3954.1,0
4846-WHAFZ,0,1,1,0,37,76.5,2868.15,1
5256-SKJGO,0,0,1,1,64,54.6,3423.5,0
3071-VBYPO,1,0,1,1,3,89.85,248.4,0
9560-BBZXK,0,0,0,0,36,31.05,1126.35,0
5299-RULOA,0,0,1,1,10,100.25,1064.65,1
8402-OOOHJ,0,0,0,0,41,20.65,835.15,0
9445-ZUEQE,1,0,1,1,27,85.2,2151.6,0
1091-SOZGA,0,0,1,1,56,99.8,5515.45,0
2928-HLDBA,0,0,0,0,6,20.7,112.75,0
0404-SWRVG,1,0,0,0,3,74.4,229.55,1
6497-TILVL,0,0,1,1,7,50.7,350.35,0
7219-TLZHO,0,0,1,1,4,20.85,62.9,0
4622-YNKIJ,1,0,0,0,33,88.95,3027.65,0
4412-YLTKF,0,1,0,0,27,78.05,2135.5,1
6734-PSBAW,1,0,1,0,72,23.55,1723.95,0
3930-ZGWVE,1,0,0,0,1,19.75,19.75,0
2639-UGMAZ,1,1,0,0,71,56.45,3985.35,0
2876-GZYZC,0,0,0,0,13,85.95,1215.65,0
6207-WIOLX,0,0,1,1,25,58.6,1502.65,1
8587-XYZSF,1,0,0,0,67,50.55,3260.1,0
3091-FYHKI,1,0,0,0,1,35.45,35.45,1
2372-HWUHI,1,0,0,0,2,44.35,81.25,1
7799-LGRDP,0,0,0,0,43,25.7,1188.2,0
7850-VWJUU,0,0,0,0,23,75,1778.5,0
3774-VBNXY,0,0,1,1,64,20.2,1277.75,0
6217-KDYWC,1,0,0,1,57,19.6,1170.55,0
0390-DCFDQ,0,1,1,0,1,70.45,70.45,1
3146-MSEGF,0,1,1,1,72,88.05,6425.65,0
4080-OGPJL,0,0,0,0,8,71.15,563.65,1
1095-WGNGG,0,0,1,0,61,101.05,5971.25,0
2636-SJDOU,1,0,0,0,64,84.3,5289.05,0
1131-QQZEB,1,1,1,0,71,23.95,1756.2,0
5716-EZXZN,0,0,1,1,65,99.05,6416.7,0
6837-BJYDQ,1,0,0,0,3,19.6,61.35,0
2135-RXIHG,1,0,0,0,1,45.65,45.65,1
6440-DKQGE,1,0,0,1,30,64.5,1929.95,0
3466-BYAVD,1,0,1,1,15,69.5,1071.4,0
3780-YVMFA,0,0,1,1,8,68.55,564.35,0
3874-EQOEP,1,0,0,0,7,95,655.5,1
1679-JRFBR,0,0,1,1,70,108.15,7930.55,0
9073-ZZIAY,1,0,1,1,62,86.1,5215.25,0
3077-RSNTJ,0,0,1,1,6,19.7,113.5,0
6551-GNYDG,0,0,1,1,14,80.9,1152.8,0
9167-APMXZ,0,0,0,0,22,84.15,1821.95,0
2749-CTKAJ,1,0,1,1,22,20.15,419.9,0
6371-NZYEG,1,0,1,1,16,64.25,1024,0
7554-NEWDD,1,0,0,0,10,25.7,251.6,0
8992-VONJD,0,0,0,1,13,56,764.55,0
0867-MKZVY,0,0,1,0,20,82.4,1592.35,1
4482-EWFMI,0,0,0,0,2,69.7,135.2,0
4648-YPBTM,1,0,0,0,53,73.9,3958.25,0
2907-ILJBN,0,0,1,1,11,20.6,233.9,0
6345-FZOQH,1,0,1,0,69,19.9,1363.45,0
3376-BMGFE,0,0,0,0,4,70.9,273,1
5997-OPVFA,1,0,1,0,72,89.05,6254.45,0
3445-HXXGF,1,1,1,0,58,45.3,2651.2,1
1159-WFSGR,0,0,1,1,16,20.4,321.4,0
7654-YWJUF,1,0,1,0,43,84.25,3539.25,0
1875-QIVME,0,0,1,0,2,104.4,242.8,1
6727-IOTLZ,1,0,1,0,14,81.95,1181.75,0
0691-JVSYA,0,0,1,0,53,94.85,5000.2,1
5918-VUKWP,0,0,0,0,32,20.55,654.55,0
1744-JHKYS,0,0,1,0,34,24.7,780.2,0
2656-FMOKZ,0,1,0,0,15,74.45,1145.7,1
2070-FNEXE,0,1,0,0,7,76.45,503.6,1
5947-SGKCL,0,0,1,1,15,105.35,1559.25,0
3712-PKXZA,1,0,1,0,61,20.55,1252,0
6317-YPKDH,0,0,0,0,1,29.95,29.95,1
6582-OIVSP,0,0,0,0,1,45.3,45.3,0
9367-WXLCH,1,0,0,0,8,84.5,662.65,1
5524-KHNJP,1,0,1,1,33,74.75,2453.3,0
1918-ZBFQJ,0,0,0,0,13,79.25,1111.65,1
1024-GUALD,0,0,1,0,1,24.8,24.8,1
4827-USJHP,1,0,0,0,20,51.8,1023.85,0
8167-GJLRN,1,0,0,0,3,30.4,82.15,0
0956-SYCWG,0,0,0,0,13,19.65,244.8,0
8017-UVSZU,0,0,1,0,40,56.6,2379.1,0
7100-FQPRV,1,0,1,1,43,71.9,3173.35,0
2472-OVKUP,1,0,1,0,6,91,531,1
2984-RGEYA,0,0,1,1,69,19.75,1375.4,0
9680-NIAUV,0,0,1,1,72,109.7,8129.3,0
2146-EGVDT,1,0,1,1,59,19.3,1192.7,0
2604-IJPDU,0,0,1,0,20,96.55,1901.65,0
9178-JHUVJ,1,0,1,1,24,24.1,587.4,0
6168-YBYNP,1,0,0,0,59,111.35,6519.75,0
7255-SSFBC,1,0,1,1,72,112.25,8041.65,0
3645-DEYGF,1,0,0,1,1,20.75,20.75,0
9323-HGFWY,0,0,1,0,27,101.9,2681.15,0
8544-GOQSH,0,0,0,0,14,80.05,1112.3,0
3363-DTIVD,1,0,1,1,71,105.55,7405.5,0
7018-WBJNK,1,0,0,1,13,78.3,1033.95,0
9142-KZXOP,1,0,0,0,44,68.85,2958.95,0
7674-YTAFD,0,0,0,0,33,79.95,2684.85,0
6348-SNFUS,1,0,1,1,72,55.45,4179.2,0
1285-OKIPP,1,0,0,0,1,79.9,79.9,1
7825-ECJRF,0,0,0,0,19,106.6,1934.45,1
1347-KTTTA,1,0,1,0,64,102.45,6654.1,0
7841-TZDMQ,1,0,0,0,2,46,84.5,1
4195-NZGTA,0,0,0,0,1,25.25,25.25,0
7157-SMCFK,1,0,0,1,61,19.75,1124.2,0
4709-LKHYG,0,0,1,1,29,20,540.05,0
2504-DSHIH,1,1,1,0,23,86.8,1975.85,0
0699-NDKJM,0,0,1,0,57,58.75,3437.45,0
9286-BHDQG,1,0,1,1,72,45.25,3139.8,0
0230-WEQUW,1,0,1,0,66,56.6,3789.2,0
2040-LDIWQ,1,0,1,1,65,84.2,5324.5,0
6496-JDSSB,0,0,0,0,8,80,624.6,0
9408-SSNVZ,0,0,0,0,4,70.15,268.35,1
4443-EMBNA,0,0,1,0,71,24.75,1836.9,0
6469-MRVET,1,0,1,1,1,20.2,20.2,0
0742-MOABM,1,0,1,0,4,50.05,179.35,1
5961-VUSRV,0,0,0,0,12,19.35,219.35,0
6778-JFCMK,1,0,0,0,24,50.6,1288.75,0
6341-JVQGF,0,0,1,1,31,81.15,2545.75,0
2232-DMLXU,0,0,1,0,1,55.2,55.2,1
4811-JBUVU,1,0,0,0,30,89.9,2723.15,0
0945-TSONX,0,0,1,1,47,85.3,4107.25,0
2651-ZCBXV,1,0,0,0,54,108,5760.65,0
3316-UWXUY,1,0,0,0,50,93.5,4747.5,0
8937-RDTHP,1,0,0,0,1,84.6,84.6,1
7083-MIOPC,0,0,0,0,72,20.25,1566.9,0
1984-GPTEH,0,0,0,0,29,25.15,702,0
1251-KRREG,1,0,0,0,2,54.4,114.1,1
0621-JFHOL,0,0,0,0,10,29.6,299.05,0
9903-LYSAB,1,0,1,0,18,73.15,1305.95,0
0094-OIFMO,0,1,0,0,11,95,1120.3,1
9227-UAQFT,1,0,0,0,16,19.75,284.35,0
7301-ABVAD,0,0,0,0,72,86.6,6350.5,0
6614-FHDBO,1,0,0,0,72,109.2,7878.3,0
7576-ASEJU,0,0,1,1,41,74.7,3187.65,0
9058-HRZSV,0,1,1,0,65,94.4,6126.15,0
4522-AKYLR,0,1,0,0,13,54.8,731.3,0
0221-WMXNQ,1,1,0,0,4,75.35,273.4,0
0303-UNCIP,1,0,0,0,41,65,2531.8,0
9947-OTFQU,1,1,0,0,15,74.4,1074.3,1
0322-YINQP,1,0,0,0,1,48.55,48.55,1
0959-WHOKV,1,0,0,0,42,99,4298.45,0
4075-JFPGR,0,0,1,0,51,93.5,4619.55,0
4629-NRXKX,0,0,1,1,2,70.4,147.15,1
9514-JDSKI,1,1,1,0,1,40.2,40.2,1
3282-ZISZV,1,0,0,1,32,83.7,2633.3,0
3675-YDUPJ,1,0,0,0,10,19.85,193.05,0
4111-BNXIF,0,0,1,1,67,59.55,4103.9,0
7017-VFHAY,0,0,1,1,61,115.1,7008.15,0
6655-LHBYW,1,0,0,0,50,114.35,5791.1,0
4959-JOSRX,0,0,1,0,2,44.6,80.55,1
5046-NUHWD,0,1,1,0,29,45,1228.65,0
7273-TEFQD,1,1,0,0,3,41.15,132.2,1
3606-TWKGI,1,1,0,0,13,106.9,1364.3,1
7529-ZDFXI,1,1,1,0,57,89.85,4925.35,0
7605-BDWDC,0,0,0,0,31,49.85,1520.1,0
1950-KSVVJ,0,0,1,0,45,113.3,5032.25,0
0123-CRBRT,0,0,1,1,61,88.1,5526.75,0
6292-TOSSS,1,0,0,0,50,24.9,1195.25,0
3197-ARFOY,0,1,0,0,19,105,2007.25,0
6323-AYBRX,1,0,0,0,59,19.35,1099.6,1
7014-ZZXAW,0,0,1,0,71,24.25,1732.95,0
4385-GZQXV,0,1,0,0,16,94.45,1511.2,1
7633-MVPUY,1,0,1,0,57,59.75,3450.15,0
6366-ZGQGL,1,0,0,0,1,24.8,24.8,1
4716-HHKQH,1,1,1,0,20,107.05,2172.05,0
5940-AHUHD,1,0,0,0,1,70.6,70.6,1
6432-TWQLB,1,0,1,0,5,85.4,401.1,1
4484-GLZOU,0,0,1,0,52,105.05,5624.85,1
3179-GBRWV,1,1,1,0,21,64.95,1339.8,0
8645-KWHJO,1,0,0,0,14,55,771.95,0
4130-MZLCC,0,0,0,0,5,50.55,244.75,0
0314-TKOSI,0,0,0,0,6,55.15,322.9,0
8229-MYEJZ,0,0,0,0,10,51.2,498.25,0
2080-SRCDE,0,0,0,1,1,25.4,25.4,0
9577-WJVCQ,0,0,0,0,68,54.45,3687.75,0
9512-UIBFX,1,0,1,1,18,95.15,1779.95,1
6202-DYYFX,0,0,0,0,22,76,1783.6,0
3808-HFKDE,0,0,0,0,20,44.35,927.15,0
5583-SXDAG,1,0,1,0,1,70,70,1
3488-PGMQJ,1,1,0,0,8,74.5,606.55,1
3580-REOAC,1,0,0,0,10,44.85,435.4,1
7534-BFESC,1,1,0,0,24,76.1,1712.7,1
3727-OWVYD,1,0,0,0,35,61.2,2021.2,0
2294-SALNE,1,0,1,1,23,86.8,1940.8,0
4847-TAJYI,0,1,0,0,6,89.35,567.8,0
1563-IWQEX,0,0,0,0,12,19.7,220.35,0
8203-XJZRC,1,0,0,0,1,20.25,20.25,0
6556-DBKZF,0,0,1,1,71,76.05,5436.45,0
6851-WEFYX,1,1,1,0,35,100.8,3437.5,0
2985-JUUBZ,1,0,1,1,40,74.55,3015.75,0
6390-DSAZX,0,0,0,1,1,73.6,73.6,1
0895-LMRSF,1,0,0,0,23,64.9,1509.8,0
8098-LLAZX,0,1,0,0,4,95.45,396.1,1
8266-VBFQL,1,0,0,0,4,90.4,356.65,0
8181-YHCMF,0,0,1,1,68,60.3,4109,0
2240-HSJQD,1,0,0,1,38,81.85,3141.7,0
1248-DYXUB,1,0,1,1,52,24.8,1229.1,0
0265-EDXBD,1,1,1,0,32,74.9,2303.35,1
4115-BNPJY,1,0,1,1,29,75.55,2054.4,0
3167-SNQPL,1,1,1,1,38,101.15,3741.85,0
4091-TVOCN,1,0,0,1,48,78.75,3682.45,0
1098-TDVUQ,0,0,0,0,1,19.25,19.25,0
7277-OZCGZ,0,0,0,0,22,89.05,1886.25,0
1557-EMYVT,0,0,0,0,43,115.05,4895.1,0
2799-ARNLO,0,1,1,0,5,69.35,341.6,0
7563-BIUPC,1,0,0,0,5,80.6,415.55,1
5027-YOCXN,1,0,1,1,51,110.05,5686.4,0
3973-SKMLN,1,0,0,0,71,19.9,1355.1,0
2321-OMBXY,0,0,1,1,38,80.3,3058.65,1
2840-XANRC,1,1,1,0,24,93.15,2231.05,1
6745-JEFZB,1,0,1,0,35,91.5,3236.35,0
5020-ZSTTY,0,1,0,0,54,82.45,4350.1,1
9880-TDQAC,0,0,1,1,72,60,4264,0
8705-WZCYL,1,0,0,0,1,44.8,44.8,0
7102-JJVTX,0,0,1,1,9,48.6,422.3,0
8626-PTQGE,1,0,0,0,69,60.05,4176.7,0
4983-CLMLV,0,0,1,0,52,102.7,5138.1,0
5701-YVSVF,0,1,1,0,11,82.9,880.05,0
5804-LEPIM,0,1,0,0,2,70.35,139.05,1
5697-GOMBF,0,1,1,1,28,35.9,973.65,0
2739-CACDQ,0,1,0,0,17,82.65,1470.05,0
9385-EHGDO,0,0,1,1,35,19.85,739.35,0
9498-FIMXL,0,0,0,0,8,19.2,161.95,0
2379-GYFLQ,1,0,0,0,46,94.9,4422.95,0
0122-OAHPZ,0,0,0,0,7,73.85,511.25,1
2868-SNELZ,0,0,0,0,2,80.6,155.8,1
4322-RCYMT,1,0,1,1,68,75.8,5293.95,1
6680-NENYN,0,0,0,0,43,104.6,4759.85,1
2088-IEBAU,0,0,0,0,68,88.15,6148.45,0
7982-VCELR,0,0,0,0,36,94.8,3565.65,0
1343-EHPYB,1,0,1,0,63,103.4,6603,1
6035-BXTTY,0,1,0,0,32,54.65,1830.1,0
6885-PKOAM,0,0,1,0,71,85.75,6223.8,0
7520-HQWJU,0,0,1,1,66,67.45,4508.65,0
9639-BUJXT,1,0,0,0,63,20.5,1328.15,0
5924-SNGKP,0,0,0,1,41,20.25,865,0
0021-IKXGC,0,1,0,0,1,72.1,72.1,0
2034-GDRCN,0,0,0,0,2,90.4,168.2,1
8966-SNIZF,0,0,1,0,70,19.45,1303.5,0
6243-OZGFH,0,0,0,0,23,44.95,996.85,0
4654-DLAMQ,0,1,1,0,64,97,6430.9,0
0513-RBGPE,1,0,1,1,37,62.8,2278.75,0
5160-UXJED,1,0,0,1,17,44.6,681.4,0
4115-NZRKS,0,1,0,0,7,89.15,574.35,0
0219-YTZUE,1,0,1,1,4,84.8,371.9,1
0623-IIHUG,0,1,0,0,21,41.9,840.1,1
4572-DVCGN,0,0,0,0,10,80.25,846,1
3351-NGXYI,0,1,0,0,16,54.1,889,0
8984-EYLLL,1,0,1,0,64,105.25,6823.4,0
9057-MSWCO,1,1,1,0,27,30.75,805.1,1
9833-TGFHX,1,0,1,1,42,97.1,4016.75,0
9294-TDIPC,1,0,0,1,5,20.2,83.75,0
5229-DTFYB,0,0,0,0,41,98.8,3959.15,0
0104-PPXDV,1,0,1,0,58,50.3,2878.55,0
5176-LMJXE,0,0,0,0,47,20.55,945.7,0
3583-KRKMD,1,0,0,0,18,75.9,1373.05,0
1010-DIAUQ,1,0,0,0,5,96.5,492.55,1
9069-LGEUL,1,0,1,0,23,59.95,1406,0
7302-ZHMHP,0,0,0,0,1,19.15,19.15,0
9571-EDEBV,1,0,1,0,71,98.65,6962.85,0
3520-FJGCV,1,0,1,1,72,112.6,8126.65,0
6563-VRERX,1,0,1,1,33,20.6,690.25,0
0259-GBZSH,1,0,0,0,2,85.65,181.5,1
6122-EFVKN,1,0,0,1,24,35.75,830.8,0
2805-EDJPQ,0,0,1,1,56,99.75,5608.4,0
6862-CQUMB,1,0,0,0,37,96.1,3646.8,0
7156-MXBJE,0,0,0,0,43,85.1,3662.25,0
6158-HDPXZ,1,0,0,0,1,25.35,25.35,0
9601-BRXPO,0,0,1,0,25,104.95,2566.5,1
2863-IMQDR,0,0,0,0,61,89.65,5308.7,0
5686-CMAWK,1,0,0,0,17,86.75,1410.25,0
5651-CRHKQ,0,0,1,0,41,86.2,3339.05,0
6905-NIQIN,1,0,0,0,1,50.65,50.65,1
8204-YJCLA,1,1,1,1,72,64.8,4732.35,0
5167-ZFFMM,1,0,0,0,1,90.85,90.85,1
6583-SZVGP,1,0,0,0,48,108.1,5067.45,0
4895-TMWIR,1,1,1,0,11,19.95,214.75,1
0533-BNWKF,0,1,1,0,55,85.45,4874.7,1
1708-PBBOA,0,0,0,0,42,54.75,2348.45,0
8782-LKFPK,1,0,0,0,44,90.4,4063,0
5522-JBWMO,1,0,0,1,1,44,44,0
3597-MVHJT,0,0,0,0,27,95.6,2595.25,0
9774-NRNAU,1,1,1,0,27,84.8,2309.55,0
0224-RLWWD,0,1,0,0,2,44.3,89.3,0
9967-ATRFS,0,0,0,0,19,19.9,367.55,0
3951-NJCVI,0,1,1,0,42,95.05,3944.5,0
2977-CEBSX,0,0,0,0,66,90.05,5965.95,0
0177-PXBAT,1,1,1,0,33,109.9,3694.7,0
6599-CEBNN,0,0,0,0,34,73.95,2524.45,1
2519-ERQOJ,1,1,0,0,33,54.6,1803.7,0
5876-QMYLD,0,0,1,1,23,20.05,415.1,0
2277-AXSDC,0,0,0,0,32,19.75,624.15,0
9442-JTWDL,0,0,0,0,11,20.05,237.7,0
0979-PHULV,1,0,1,1,69,99.45,7007.6,1
3067-SVMTC,0,0,1,0,68,55.9,3848.8,0
5495-GPSRW,1,0,0,0,20,19.7,419.4,0
7606-BPHHN,1,0,0,0,72,19.8,1468.75,0
4742-DRORA,1,0,1,1,60,95.4,5812,0
0111-KLBQG,1,1,1,1,32,93.95,2861.45,0
4800-VHZKI,0,0,0,0,1,19.9,19.9,1
7989-CHGTL,1,0,0,0,1,19.6,19.6,1
0334-GDDSO,1,1,0,0,3,81.35,233.7,1
4163-NCJAK,0,0,1,0,46,24.45,1066.15,0
5233-AOZUF,0,0,1,0,29,74.95,2149.05,0
5973-EJGDP,1,0,0,0,51,87.35,4473,0
1996-DBMUS,0,1,1,0,48,70.65,3545.05,0
7916-VCCPB,0,0,1,1,16,73.25,1195.75,0
4686-GEFRM,1,0,1,0,70,98.7,6858.9,0
5249-QYHEX,0,0,1,1,40,24.8,1024.7,0
0578-SKVMF,0,0,1,1,22,83.3,1845.9,1
5564-NEMQO,0,1,0,0,1,75.3,75.3,1
2233-FAGXV,0,0,1,1,5,24.3,132.25,0
5605-IYGFG,0,0,0,0,7,69.85,515.45,0
7663-ZTEGJ,1,0,0,1,29,100.55,2830.45,0
3935-TBRZZ,1,0,1,1,44,25.7,1110.5,0
8111-BKVDS,0,0,0,0,10,40.7,449.3,0
2055-SIFSS,0,1,1,0,55,51.65,2838.55,0
2806-MLNTI,1,1,1,0,52,105.1,5376.4,0
8734-DKSTZ,0,0,1,1,10,85.95,858.6,0
4360-PNRQB,1,0,0,0,18,75.6,1395.05,0
6152-ONASV,0,0,1,0,68,58.25,3975.7,0
9063-ZGTUY,0,0,1,1,61,19.4,1182.55,1
7781-HVGMK,0,0,1,1,72,65.2,4784.45,0
2181-UAESM,1,0,0,0,2,53.45,119.5,0
2957-LOLHO,1,0,0,0,12,45.4,518.9,1
6048-NJXHX,1,0,1,0,41,19.75,899.45,0
2320-SLKMB,0,0,0,0,26,44.45,1183.8,0
4980-URKXC,1,0,1,0,36,20.85,720.05,0
4376-KFVRS,1,0,1,1,72,114.05,8468.2,0
5886-VLQVU,1,0,1,0,35,89.85,3161.2,0
3577-AMVUX,1,0,0,0,1,55.05,55.05,0
0771-WLCLA,0,0,1,1,16,112.95,1882.55,0
5628-RKIFK,0,1,0,0,49,101.55,5070.4,0
0206-TBWLC,0,0,1,0,54,114.65,6049.5,0
2937-FTHUR,0,0,0,1,18,64.8,1166.7,0
1910-FMXJM,0,0,1,0,36,80.4,2937.65,0
7752-XUSCI,0,0,0,0,60,105.9,6396.45,1
4110-PFEUZ,0,0,0,0,1,69.55,69.55,1
0732-OCQOC,0,0,1,1,52,25.05,1270.25,0
5168-MSWXT,1,0,1,1,8,94.75,759.55,0
1090-ESELR,1,0,1,1,72,105.5,7611.55,0
8592-PLTMQ,0,0,0,0,64,24.7,1642.75,0
5760-WRAHC,0,1,0,0,22,69.75,1545.4,0
8847-GEOOQ,1,0,1,0,60,60.2,3582.4,0
0256-LTHVJ,0,0,1,1,28,81.05,2227.1,1
4785-FCIFB,0,0,1,0,61,24.4,1417.9,0
8313-NDOIA,0,0,0,0,24,104.15,2494.65,0
5149-CUZUJ,1,0,1,1,28,92.9,2768.35,0
0942-KOWSM,0,0,1,1,30,80.8,2369.3,0
4237-CLSMM,1,0,1,0,2,20,38,0
1452-VOQCH,1,0,0,0,1,75.1,75.1,0
4719-UMSIY,1,0,0,1,6,19.65,100.9,0
6614-VBEGU,0,0,1,0,24,69.45,1614.05,0
0880-TKATG,1,0,1,1,4,101.15,385.9,1
3811-VBYBZ,1,0,0,0,7,99.8,673.25,1
1480-BKXGA,1,1,1,0,72,116.05,8404.9,0
2996-XAUVF,1,0,0,0,70,40.05,2799.75,0
9076-AXYIK,1,1,1,0,64,102.1,6538.45,0
5968-XQIVE,1,0,1,1,72,89.7,6588.95,0
8896-RAZCR,0,0,0,1,44,19.9,868.1,0
4640-UHDOS,0,0,1,1,13,55.95,734.35,1
4933-IKULF,0,1,0,0,17,20.65,330.6,0
3583-EKAPL,1,0,0,0,1,55,55,1
1304-BCCFO,1,0,1,0,9,70.05,564.4,0
4104-PVRPS,1,0,1,0,24,53.6,1315.35,0
9399-APLBT,0,0,1,1,1,74.7,74.7,1
2359-KMGLI,1,0,0,0,24,80.25,1861.5,1
3780-DDGSE,1,1,1,1,35,76.05,2747.2,0
4431-EDMIQ,0,0,1,1,7,75.7,554.05,0
0306-JAELE,1,0,0,0,5,96.1,453.4,1
6227-HWPWX,0,0,0,1,15,69,994.8,1
0486-LGCCH,1,0,1,1,11,19.65,225.75,0
0447-BEMNG,0,0,1,0,48,45.3,2145,1
4612-SSVHJ,0,1,0,0,20,81.45,1671.6,0
5168-MQQCA,0,0,1,0,72,108.5,8003.8,0
5949-XIKAE,0,0,1,1,8,83.55,680.05,1
7971-HLVXI,1,0,1,1,72,84.5,6130.85,0
9094-AZPHK,0,0,0,0,15,100.15,1415,0
3649-JPUGY,1,0,0,0,72,88.6,6201.95,0
4472-LVYGI,0,0,1,1,0,52.55, ,0
8372-JUXUI,1,0,0,1,1,74.35,74.35,1
3552-CTCYF,1,0,1,1,63,104.8,6597.25,0
6778-YSNIH,0,0,0,0,2,59,114.15,0
0388-EOPEX,0,0,1,0,2,74.4,139.4,1
5756-OZRIO,1,1,1,0,61,64.05,3902.6,0
6579-JPICP,1,0,0,0,1,20.4,20.4,0
8205-OTCHB,1,0,0,0,22,43.75,903.6,1
4134-BSXLX,1,0,1,0,28,60.9,1785.65,0
0505-SPOOW,0,0,1,0,70,19.8,1397.65,0
6235-VDHOM,0,1,0,0,5,28.45,131.05,1
7783-YKGDV,0,0,0,0,12,99.7,1238.45,1
4374-YMUSQ,1,0,0,0,34,116.25,3899.05,0
4513-CXYIX,0,1,1,0,71,80.7,5676,0
3957-HHLMR,0,0,1,1,70,65.2,4543.15,0
7803-XOCCZ,0,0,1,1,52,84.05,4326.8,0
5736-YEJAX,1,0,0,1,69,79.45,5502.55,0
5609-CEBID,0,1,0,0,20,94.1,1782.4,1
8981-FJGLA,1,0,0,1,11,78,851.8,0
7218-HKQFK,1,0,1,0,2,94.2,167.5,1
4636-QRJKY,0,0,1,1,6,80.5,502.85,1
1135-LMECX,0,0,0,0,1,19.85,19.85,0
4332-MUOEZ,1,1,1,1,20,94.3,1818.3,0
8535-SFUTN,1,0,0,0,61,106.45,6300.15,0
5956-VKDTT,0,1,1,0,5,74.35,334.8,1
8677-HDZEE,0,0,0,0,56,105.45,5916.95,0
2475-MROZF,1,0,0,0,30,95,2852.4,0
9412-GHEEC,1,0,0,0,40,104.8,4131.95,1
3482-ABPKK,0,0,0,0,28,54.3,1546.3,0
6705-LXORM,0,1,1,0,5,70.05,302.6,0
0257-ZESQC,0,1,1,0,27,75.2,1929.35,1
7531-GQHME,1,0,0,0,12,20.05,265.45,0
5174-ITUMV,1,0,1,1,67,105.4,6989.45,0
4109-CYRBD,1,1,1,0,29,51.6,1442,0
0913-XWSCN,1,0,1,1,55,85.5,4713.4,0
6825-UYPFK,0,0,0,0,23,75.6,1758.6,1
8397-MVTAZ,1,0,1,0,34,100.05,3480,1
0750-EBAIU,1,0,0,0,52,91.25,4738.3,0
8606-CIQUL,1,1,1,1,72,115.75,8399.15,0
3571-DPYUH,1,0,1,1,58,94.7,5430.35,0
7601-GNDYK,1,0,1,1,35,19.6,686.95,0
0356-OBMAC,0,1,0,0,56,99.9,5706.3,0
8067-NIOYM,0,0,1,1,24,21.1,490.65,0
1403-GYAFU,1,0,1,1,70,20.05,1360.25,0
4234-XTNEA,1,0,0,0,2,79.95,174.45,0
1297-VQDRP,1,1,1,1,68,107.15,7379.8,0
9282-IZGQK,0,0,0,0,1,85,85,1
5348-CAGXB,1,0,0,0,12,89.55,1021.75,0
0621-HJWXJ,0,0,1,0,63,81.55,5029.05,0
5844-QVTAT,0,0,1,1,33,58.45,1955.4,0
8905-IAZPF,0,0,1,0,69,95.65,6744.2,0
5394-MEITZ,0,0,1,1,60,80.6,4946.7,0
6859-QNXIQ,0,0,1,1,72,113.1,8248.5,0
2782-LFZVW,0,0,0,0,11,58.95,601.6,0
2866-IKBTM,0,0,0,0,1,19.55,19.55,0
1342-JPNKI,1,0,0,0,10,86.05,834.1,1
2817-NTQDO,1,0,0,0,13,45.55,597,1
7129-AZJDE,1,0,1,1,34,78.95,2647.2,0
6986-IJDHX,1,0,1,1,39,86.3,3266,1
2560-PPCHE,0,0,0,0,65,105.05,6744.25,0
4676-MQUEA,1,1,1,0,50,101.9,5265.5,0
8138-EALND,1,0,0,0,15,19.75,311.6,0
3580-HYCSP,1,0,1,1,72,110.3,7966.9,0
1352-HNSAW,0,0,1,1,72,115.6,8220.4,0
2075-PUEPR,1,0,1,1,55,19.35,1153.25,0
1982-FEBTD,0,0,1,1,23,25.6,514.75,0
5301-GAUUY,1,0,0,0,32,80.35,2596.15,1
5791-KAJFD,0,0,1,1,56,68.75,3808,0
2654-VBVPB,0,0,0,0,1,19.9,19.9,0
1154-HYWWO,1,0,0,0,38,70.6,2708.2,0
2501-XWWTZ,1,0,0,0,11,70.2,760.05,0
3716-UVSPD,1,0,0,0,1,49.3,49.3,0
6815-ABQFQ,1,0,1,0,56,107.25,6033.3,0
7343-EOBEU,1,0,1,0,3,23.6,89.05,0
3701-SFMUH,1,0,1,1,7,69.7,516.15,0
6103-LIANB,1,0,1,1,59,99.5,5861.75,0
7319-VENRZ,1,0,0,0,7,64.3,445.95,0
5846-NEQVZ,1,0,1,1,71,70.85,4973.4,0
6967-QIQRV,1,0,1,1,15,101.9,1667.25,0
5781-RFZRP,1,0,1,0,71,73.5,5357.75,0
0939-YAPAF,0,0,0,0,35,100.25,3527.6,1
0308-IVGOK,0,0,0,0,11,40.4,422.6,0
7293-LSCDV,0,0,1,1,60,19.25,1103.25,0
7025-WCBNE,1,1,0,0,47,59.6,2754,0
5756-JYOJT,0,0,0,0,11,64.9,697.25,0
4710-FDUIZ,1,0,1,0,56,100.3,5614.45,1
6030-REHUX,0,1,1,0,28,110.85,3204.4,0
9548-LIGTA,1,0,1,0,61,81.05,4747.65,0
5150-LJNSR,1,0,1,1,31,98.05,3082.1,0
8270-RKSAP,1,0,0,0,9,70.5,597.9,0
6522-YRBXD,1,1,1,0,35,94.55,3365.4,0
2640-LYMOV,1,0,0,0,2,19.65,38.8,0
1218-VKFPE,0,0,1,1,12,19,233.55,1
3627-FHKBK,0,0,0,0,1,75.3,75.3,1
2865-TCHJW,0,1,0,0,4,89.2,346.2,1
1423-BMPBQ,0,0,1,1,1,19,19,0
2393-DIVAI,0,0,0,0,3,20,61.7,0
5192-EBGOV,0,1,0,0,1,85.7,85.7,1
4568-KNYWR,1,0,0,0,52,63.25,3342.45,0
8752-IMQOS,1,0,1,1,5,20.1,85.1,0
0742-LAFQK,1,0,1,0,72,99.15,7422.1,0
0795-LAFGP,1,0,1,1,71,90.4,6668.05,0
0619-OLYUR,1,0,1,0,72,111.9,8071.05,0
5512-IDZEI,1,0,1,1,46,24.9,1174.8,0
0459-SPZHJ,1,0,1,1,63,83.5,5435,0
0215-BQKGS,1,0,0,0,30,84.3,2438.6,0
9244-ZVAPM,1,0,0,0,1,45.6,45.6,0
0719-SYFRB,0,0,0,0,12,61.65,713.75,1
8208-EUMTE,1,0,0,0,16,54.85,916.15,0
5172-MIGPM,1,0,0,0,4,65.55,237.2,0
1710-RCXUS,1,0,1,0,51,90.35,4614.55,0
0374-FIUCA,1,0,1,0,65,20.4,1414.45,0
5839-SUYVZ,1,0,0,0,16,74.55,1170.5,0
5173-ZXXXL,1,0,0,0,2,19.95,47.7,0
1096-ADRUX,0,0,1,1,66,74.25,4859.25,0
2001-MCUUW,1,0,0,0,46,108.65,4903.2,0
2731-GJRDG,0,0,0,0,32,109.55,3608,0
4723-BEGSG,1,0,1,0,72,86.65,6094.25,0
6516-NKQBO,1,0,1,1,38,81,3084.9,0
8672-OAUPW,1,0,0,1,51,47.85,2356.75,0
8207-DMRVL,1,0,1,1,72,114.55,8306.05,0
3419-SNJJD,0,1,1,0,65,105.25,6786.4,1
6543-CPZMK,1,0,1,1,9,29.95,248.95,1
4765-OXPPD,0,0,1,1,9,65,663.05,1
2804-ETQDK,1,0,0,1,66,20.55,1357.1,0
6689-VRRTK,0,1,0,0,44,109.8,4860.35,0
7138-GIRSH,1,0,0,0,50,69.5,3418.2,0
9396-ZSFLL,0,0,0,0,15,48.85,631.4,0
6464-KEXXH,1,0,0,0,8,25.25,186.3,0
7134-MJPDY,0,1,0,0,66,102.85,6976.75,0
5240-CAOYT,0,0,0,0,57,87.55,4884.85,0
4059-IIEBK,0,0,0,0,7,78.55,522.95,0
4881-JVQOD,1,1,1,1,10,34.55,362.6,0
0516-UXRMT,0,0,0,0,62,92.05,5755.8,0
4851-BQDNX,1,0,1,1,40,85.05,3355.65,0
5148-HKFIR,0,0,0,0,20,19.7,406.95,0
1009-IRMNA,0,0,0,0,7,20,137.6,1
3003-CMDUU,0,0,1,0,25,95.15,2395.7,0
5016-IBERQ,1,0,1,0,23,84.25,1968.1,0
6797-UCJHZ,0,1,1,0,66,104.6,6819.45,0
2469-DTSGX,0,1,0,0,72,111.65,7943.45,0
4554-YGZIH,1,1,1,0,49,90.05,4547.25,1
5099-BAILX,1,1,1,1,43,110.75,4687.9,1
9931-KGHOA,0,0,1,0,46,55,2473.95,0
1775-KWJKQ,1,0,1,1,72,89.85,6562.9,0
7665-VIGUD,1,0,0,0,10,20.35,176.3,0
9411-TPQQV,0,0,0,0,40,54.55,2236.2,0
7207-RMRDB,0,0,1,1,65,105.5,6985.65,1
7954-MLBUN,1,0,0,0,31,99.45,3109.9,0
2077-DDHJK,0,0,1,0,68,70.9,4911.35,0
4913-EHYUI,1,1,1,1,56,104.55,5794.65,1
0195-IESCP,1,0,1,0,10,85.25,855.3,1
9574-BOSMD,1,0,1,1,68,25.4,1620.2,0
4580-TMHJU,0,0,1,1,43,56.15,2499.3,1
0970-ETWGE,1,0,0,0,1,89.55,89.55,1
4908-XAXAY,0,1,0,0,49,89.85,4287.2,0
8404-VLQFB,0,0,1,1,15,25.25,394.85,0
1626-ERCMM,1,1,1,0,20,94.55,1899.65,1
0887-HJGAR,1,0,0,0,1,45.7,45.7,1
2391-IPLOP,1,0,1,1,50,69.65,3442.15,0
5644-PDMZC,0,1,0,0,2,89.5,161.5,1
3509-GWQGF,1,1,0,0,24,70,1732.6,0
9576-ANLXO,0,0,0,0,3,69.55,222.3,1
2024-BASKD,0,0,0,0,1,74.6,74.6,1
5845-BZZIB,1,0,1,1,35,20.1,655.3,0
1140-UKVZG,0,0,0,0,17,24.8,475.25,0
4160-AMJTL,0,1,0,0,8,19.65,164.3,1
5183-SNMJQ,1,0,0,0,10,95.1,865.1,0
8100-PNJMH,1,0,1,1,68,88.85,6132.7,0
7838-LAZFO,1,0,1,0,45,78.8,3597.5,0
4464-JCOLN,1,0,1,1,2,19.85,35.9,1
2085-JVGAD,1,0,1,0,37,20.35,697.65,0
5650-VDUDS,0,0,0,0,4,24.25,96.05,1
8095-WANWK,0,0,0,0,10,45.25,428.7,0
3030-ZKIWL,1,0,0,0,1,20.05,20.05,0
9565-FLVCG,1,0,1,1,65,69.55,4459.15,0
8755-OGKNA,0,0,1,1,57,19.5,1167.6,0
2800-VEQXM,0,0,0,0,3,74.75,238.1,0
7538-GWHML,0,0,0,0,2,69.65,145.15,1
5533-RJFTJ,1,0,0,0,49,30.2,1453.1,0
3859-CVCET,0,0,0,0,4,45.65,191.05,1
0214-JHPFW,0,0,1,0,70,57.8,4039.3,0
5642-MHDQT,0,0,1,1,53,19.85,1039.45,0
3088-FVYWK,1,0,1,1,53,25.55,1336.1,0
3276-HDUEG,0,0,0,0,1,75.05,75.05,1
9092-GDZKO,1,0,0,0,22,24.85,493.4,0
0823-HSCDJ,1,1,0,0,52,49.15,2550.9,1
3729-OWRVL,1,1,0,0,65,110.35,7246.15,0
2324-AALNO,0,0,0,0,48,24.55,1203.95,0
0822-GAVAP,0,0,0,0,2,34.7,62.25,1
5760-IFJOZ,1,0,0,0,3,107.95,313.6,0
2826-UWHIS,1,0,1,0,45,81.4,3775.85,0
1448-PWKYE,1,0,1,1,1,80,80,1
7501-IWUNG,0,0,1,1,61,73.8,4616.05,0
4957-TREIR,1,0,0,0,3,64.4,195.65,0
7251-LJBQN,0,1,0,0,40,103.75,4188.4,0
8040-MNRTF,0,0,0,0,1,71.1,71.1,0
1536-HBSWP,0,0,0,0,1,49.9,49.9,0
5313-FPXWG,1,0,0,0,51,24.6,1266.4,0
0067-DKWBL,1,1,0,0,2,49.25,91.1,1
0946-FKYTX,1,0,0,0,52,30.1,1623.4,0
5076-YVXCM,1,0,0,0,51,83.4,4149.45,0
8262-COGGB,1,0,0,0,1,20.45,20.45,0
6663-JOCQO,1,0,1,1,31,75.25,2344.5,0
9620-QJREV,1,0,0,1,47,20.55,1013.05,0
2276-YDAVZ,0,0,0,0,3,75.1,270.7,1
2682-KEVRP,0,1,0,0,22,20.05,417,0
2480-JZOSN,0,0,1,0,1,20.65,20.65,0
0078-XZMHT,1,0,1,0,72,85.15,6316.2,0
5896-NPFWW,1,0,1,1,3,50.15,168.15,1
9978-HYCIN,1,1,1,1,47,84.95,4018.05,0
8338-QIUNR,1,0,1,1,72,66.5,4811.6,0
1525-LNLOJ,1,0,1,1,66,63.3,4189.7,0
9450-TRJUU,1,0,0,0,35,83.15,2848.45,0
1766-GKNMI,1,0,0,0,29,84.9,2516.2,0
6942-LBFDP,0,0,0,0,2,20.55,33.6,0
1456-TWCGB,1,0,0,0,4,49.25,208.45,0
7133-VBDCG,0,0,0,0,25,79.85,2015.35,1
7596-ZYWBB,0,0,0,0,65,59.6,3739.8,0
8329-UTMVM,1,1,0,0,27,104.65,2964,0
3014-WJKSM,1,0,1,0,29,75.3,2263.4,0
3347-YJZZE,1,0,1,1,29,80.1,2211.8,0
1029-QFBEN,1,0,0,0,1,19.55,19.55,1
7929-DMBCV,0,0,1,0,20,81,1683.7,0
9661-JALZV,0,0,0,0,58,24.7,1519,0
5433-KYGHE,0,0,0,1,14,86,1164.05,0
4312-KFRXN,1,0,1,0,72,25.4,1710.9,0
5575-TPIZQ,1,0,0,0,46,89.15,4245.55,0
0114-IGABW,0,0,1,0,71,58.25,4145.9,0
9944-AEXBM,1,0,0,0,32,85.65,2664.3,0
1853-ARAAQ,0,0,0,0,26,50.35,1277.5,0
6952-OMNWB,1,1,1,0,68,80.35,5589.3,0
4697-LUPSU,1,0,1,1,2,20.2,34.75,0
8434-VGEQQ,1,0,1,1,61,20.55,1305.95,0
4952-YSOGZ,0,0,1,1,4,85.95,381.3,1
1589-AGTLK,1,0,0,0,3,45.35,141.5,1
5244-IRFIH,1,1,1,0,33,94.5,3105.55,1
6549-YMFAW,1,1,1,0,9,21.25,204.55,0
4950-HKQTE,0,0,0,0,22,26.25,605.9,0
6786-OBWQR,0,0,1,1,5,80.85,356.1,0
2684-EIWEO,0,1,0,0,30,91.7,2758.15,1
2753-JMMCV,1,0,0,0,65,74.2,4805.65,0
6439-GTPCA,0,0,0,0,45,87.25,3941.7,1
6621-YOBKI,1,0,0,0,5,20.35,92.75,0
1216-JWVUX,1,0,1,1,25,75.5,1901.05,0
7564-GHCVB,0,0,1,1,72,79.05,5730.7,0
1173-NOEYG,0,0,1,0,27,90.15,2423.4,0
7595-EHCDL,1,0,1,1,32,50.6,1653.45,0
6647-ZEDXT,0,0,0,0,30,110.45,3327.05,0
2521-NPUZR,1,0,1,0,70,101,7085.5,0
1307-TVUFB,1,1,0,0,42,79.35,3344.1,0
7503-MIOGA,0,1,1,0,72,89.85,6697.35,0
4381-MHQDC,0,0,0,0,47,65,2879.9,0
6923-JHPMP,0,0,0,0,2,80.45,137.1,0
5138-WVKYJ,1,0,0,0,10,98.55,1008.55,1
4018-PPNDW,0,0,1,1,61,24.1,1551.6,0
1635-FJFCC,0,0,0,0,5,44.05,202.15,0
2499-AJYUA,0,1,1,0,72,110.8,7882.25,0
6919-ELBGL,1,1,1,1,72,114.95,8196.4,0
3966-HRMZA,0,1,0,0,3,75.05,202.9,0
6425-JWTDV,1,0,1,0,48,19.25,855.1,0
8405-IGQFX,0,0,0,0,63,90.05,5817,0
8224-IVVPA,0,0,0,0,27,56.7,1652.95,0
9477-LGWQI,1,0,1,1,70,80.15,5600.15,0
1410-RSCMR,1,0,1,1,7,71.35,515.75,0
3115-CZMZD,1,0,0,1,0,20.25, ,0
0139-IVFJG,0,0,1,0,2,90.35,190.5,0
6683-VLCTZ,1,1,0,0,20,98.55,1842.8,1
5730-DBDSI,1,0,0,0,66,19.7,1253.8,0
0030-FNXPP,0,0,0,0,3,19.85,57.2,0
2189-WWOEW,0,0,0,1,15,85.9,1269.55,1
5684-FJVYR,0,0,1,1,72,90.35,6563.4,0
4013-GUXND,1,0,0,0,1,20.8,20.8,0
1894-IGFSG,0,0,0,0,22,89.25,1907.85,1
7379-POKDZ,1,0,1,0,3,70.3,208.85,1
1266-NZYUI,0,0,1,1,72,66.85,4758.8,0
7969-FFOWG,1,0,1,1,65,19.9,1292.6,0
4718-DHSMV,0,0,0,0,11,35.8,363.15,0
5175-WLYXL,1,0,0,0,22,78.85,1600.25,0
7817-OMJNA,1,0,0,0,14,20.4,275.7,0
8728-SKJLR,1,0,0,0,41,74.25,3089.1,0
3137-NYQQI,1,0,1,0,17,64.8,1175.6,0
7706-DZNKK,1,0,0,0,11,20.45,237.3,0
0236-HFWSV,1,0,0,0,15,93.35,1444.65,1
3900-AQPHZ,0,0,0,0,1,19.9,19.9,1
5842-POCOP,0,0,1,0,5,88.9,454.15,1
2037-XJFUP,1,0,1,0,33,95.8,3036.75,1
8823-RLPWL,0,0,1,0,72,110.65,8065.65,0
9505-SQFSW,0,0,1,1,3,40.3,92.5,0
7314-OXENN,1,0,0,0,2,82,184.65,1
3758-CKOQL,0,0,1,0,59,107,6152.3,0
0322-CHQRU,1,0,0,0,2,45.35,89.5,1
5676-CFLYY,1,0,1,1,71,73.35,5154.5,0
7521-AFHAB,0,0,1,1,5,44.8,220.45,0
0285-INHLN,1,0,1,1,27,54.75,1510.3,0
4678-DVQEO,0,0,0,0,1,52.2,52.2,1
5125-CNDSP,1,0,0,1,63,40.6,2588.95,0
0691-IFBQW,0,1,0,0,46,110,4874.8,1
4992-LTJNE,1,0,1,1,72,55.3,3983.6,0
2202-OUTMO,0,0,1,0,34,60.85,2003.6,0
0810-BDHAW,0,0,1,1,24,78.4,1832.4,0
0229-LFJAF,1,0,0,0,72,69.65,4908.25,0
7131-ZQZNK,0,0,1,1,60,59.85,3590.2,0
3442-ZHHCC,1,0,0,0,68,76.9,5023,0
5726-CVNYA,0,0,1,1,8,19.85,146.6,0
9871-ELEYA,0,0,0,1,34,67.65,2339.3,0
4257-GAESD,0,0,0,0,6,45,298.7,0
5173-WXOQV,1,0,1,0,2,64.2,143.65,0
2040-OBMLJ,1,0,0,0,31,81.7,2548.65,0
6286-ZHAOK,0,0,1,1,20,25.55,507.4,0
3807-XHCJH,0,0,1,1,1,20,20,0
3009-JWMPU,1,0,0,0,62,96.75,6125.4,1
5671-RQRLP,0,1,1,0,70,75.65,5411.4,0
1450-GALXR,0,0,0,0,10,98.5,1058.25,1
8859-AXJZP,1,0,1,1,39,23.8,903.8,0
3174-AKMAS,0,0,1,0,46,64.2,3009.5,0
3138-BKYAV,1,0,0,0,6,85.35,489.45,1
9926-PJHDQ,0,0,1,1,72,76.8,5468.45,0
7382-DFJTU,1,0,0,0,18,55.2,1058.1,0
2798-NYLMZ,1,0,1,0,71,108.55,7616,0
4289-DTDKW,1,0,1,0,40,101.3,4113.1,1
1820-TQVEV,1,0,0,0,1,69.55,69.55,1
2239-JALAW,1,0,0,0,58,103.25,6017.65,1
4853-RULSV,1,0,0,0,70,104,7250.15,1
8098-TDCBU,0,0,1,0,42,25.25,1108.2,0
3551-GAEGL,1,0,1,1,34,30.4,938.65,0
4785-NKHCX,1,1,0,0,5,20.05,94.15,0
3196-NVXLZ,0,0,0,0,25,84.6,2088.05,0
6275-YDUVO,0,0,0,0,2,86.2,178.7,1
0036-IHMOT,0,0,1,1,55,103.7,5656.75,0
0115-TFERT,1,0,1,0,21,111.2,2317.1,1
4178-EGMON,1,0,1,0,70,88,5986.45,0
4220-TINQT,0,0,1,0,61,106.35,6751.35,0
5318-YKDPV,1,0,1,1,43,79.15,3566.6,0
7975-TZMLR,1,0,0,0,47,103.1,4889.3,0
0295-QVKPB,1,0,0,0,5,63.95,318.1,0
4335-BSMJS,0,0,0,0,62,25.8,1563.95,0
2311-QYMUQ,0,0,1,1,16,89.45,1430.25,1
3643-AHCFP,1,1,1,0,7,95.6,644.35,1
9146-JRIOX,0,0,1,1,14,25.55,372.45,0
3104-OWCGK,1,0,1,1,60,90.95,5453.4,1
5337-IIWKZ,1,0,1,1,34,44.85,1442.6,0
9101-BWFSS,0,0,1,0,50,108.55,5610.7,1
9650-VBUOG,1,0,1,1,38,25.05,963.95,0
3487-EARAT,0,0,1,1,70,74.1,5222.3,0
2672-TGEFF,0,0,1,1,37,88.8,3340.55,0
9231-ZJYAM,0,1,0,0,4,78.85,292.8,1
4250-WAROZ,1,1,1,1,60,93.25,5774.55,0
8184-WMOFI,1,0,1,1,62,71.4,4487.3,0
6982-SSHFK,1,0,0,0,1,44.4,44.4,1
6092-QZVPP,1,0,0,0,36,79.2,2854.95,0
4625-LAMOB,1,0,0,0,44,20.4,905.55,0
0727-BMPLR,0,1,0,0,55,100,5509.3,1
0392-BZIUW,0,0,1,0,72,105,7589.8,0
1038-ZAGBI,0,0,1,1,12,19.8,229.6,1
6549-NNDYT,0,0,0,0,13,30.85,394.1,0
3027-ZTDHO,1,0,0,0,1,89.9,89.9,1
0422-OHQHQ,0,0,1,1,15,20.55,295.95,0
6916-HIJSE,0,0,0,0,65,84.85,5459.2,0
2316-ESMLS,0,0,1,1,12,33.15,444.75,0
9778-OGKQZ,1,0,1,0,72,92,6782.15,0
7408-OFWXJ,0,0,1,1,72,89.8,6510.45,0
6007-TCTST,0,0,1,1,72,115.8,8476.5,0
2252-NKNSI,1,0,0,1,52,85.15,4461.85,0
8713-IGZSO,1,0,0,0,2,24.85,62,0
7905-TVXTA,0,0,0,0,5,64.35,352.65,0
7695-PKLCZ,0,0,0,0,68,20.5,1424.9,0
2382-BCKQJ,0,0,0,1,62,100.15,6413.65,1
8374-UULRV,1,0,0,0,72,86.05,6309.65,0
2207-NHRJK,1,0,0,0,1,50.8,50.8,1
3224-DFQNQ,0,0,1,0,66,89,5898.6,0
5275-PMFUT,1,0,1,1,72,64.8,4719.75,0
4795-UXVCJ,1,0,0,0,26,19.8,457.3,0
9777-IQHWP,1,0,1,1,64,93.4,5822.3,0
0947-MUGVO,1,1,1,0,20,73.65,1463.5,1
9944-HKVVB,0,0,0,0,3,95.1,307.4,1
4124-MMETB,1,0,0,0,22,94.65,2104.55,1
3671-SHRSP,1,0,1,0,4,80.6,319.15,1
0979-MOZQI,1,0,1,0,62,39,2337.45,0
2732-ISEZX,0,0,0,0,5,20.5,104.3,0
3313-QKNKB,1,0,1,0,59,85.55,5084.65,1
0323-XWWTN,1,0,0,1,3,26.4,121.25,0
1937-OTUKY,0,0,1,0,72,98.2,7015.9,0
1573-LGXBA,1,0,1,1,57,97.55,5598,0
1764-VUUMT,1,0,0,1,66,19.95,1269.1,0
5073-WXOYN,0,0,0,0,60,50.8,3027.4,1
4713-ZBURT,1,0,0,1,45,99.7,4634.35,0
3050-GBUSH,0,0,0,0,3,34.8,113.95,0
0207-MDKNV,0,0,0,0,15,105.1,1582.75,1
7876-AEHIG,0,0,0,1,51,60.15,3077,0
7945-HLKEA,0,0,0,0,60,64.75,4039.5,0
9342-VNIMQ,1,0,0,0,33,54.65,1665.2,0
9851-KIELU,1,0,0,0,10,110.1,1043.3,1
3523-BRGUW,1,1,0,0,26,19.3,504.2,0
3908-BLSYF,0,0,0,0,6,83.9,497.55,1
3199-NPKCN,0,0,1,0,67,111.25,7511.65,0
5170-PTRKA,0,0,1,1,49,35.8,1782,0
4661-NJEUX,1,0,0,0,1,20.05,20.05,0
2123-AGEEN,0,1,0,0,7,84.35,609.65,0
1258-YMZNM,0,1,0,0,27,110.5,2857.6,0
0048-LUMLS,1,0,1,1,37,91.2,3247.55,0
7549-MYGPK,0,0,1,1,63,100.55,6215.35,1
5898-IGSLP,1,0,1,1,31,89.3,2823,0
3804-RVTGV,1,0,1,1,50,103.85,5017.9,1
6259-WJQLC,1,1,0,0,32,81.1,2619.25,0
9227-LUNBG,0,0,0,0,1,24.6,24.6,1
7997-EASSD,0,0,1,0,63,81.2,4965.1,0
0730-KOAVE,1,0,0,0,30,94.3,2679.7,0
8975-SKGRX,1,0,1,0,71,116.1,8310.55,0
0678-RLHVP,0,0,0,0,53,105.55,5682.25,0
4315-MURBD,0,0,0,0,12,98.9,1120.95,1
2267-FPIMA,1,0,1,0,50,94.4,4914.9,0
1051-GEJLJ,0,0,0,0,2,19.5,27.55,0
9734-YWGEX,0,0,0,0,9,98.3,923.5,1
2719-BDAQO,1,0,0,0,17,93.85,1625.65,1
5285-MVEHD,0,0,1,0,56,105.6,6068.65,0
0379-DJQHR,1,0,1,1,67,81.35,5398.6,0
0781-LKXBR,1,1,0,0,9,100.5,918.6,1
5543-QDCRY,1,0,0,0,4,56.4,234.85,0
0297-RBCSG,1,0,0,0,19,65.35,1231.85,0
4694-PHWFW,0,0,0,1,8,19.95,170.9,0
0835-JKADZ,0,0,0,0,71,111.25,7984.15,0
1907-UBQFC,1,1,0,0,10,72.85,688.65,1
7508-SMHXL,0,1,0,0,15,89,1288.3,0
3865-YIOTT,1,0,1,1,72,106.1,7848.5,0
5993-BQHEA,1,0,0,0,12,20.05,267,0
6024-RUGGH,1,0,1,1,72,25.2,1798.9,0
6513-EECDB,1,1,1,0,1,73.55,73.55,1
3956-CJUST,0,1,0,0,23,75.4,1643.55,0
4079-WWQQQ,1,0,0,0,72,65.55,4807.45,0
6103-BOCOU,0,0,0,0,26,80.7,2193,0
5149-TGWDZ,0,0,0,0,21,104.55,2239.4,0
7471-WNSUF,1,0,1,0,60,24.15,1505.9,0
8942-DBMHZ,1,0,0,0,12,20.45,255.35,0
4301-VVZKA,1,0,1,0,16,75.4,1189.4,0
9199-PWQVC,0,0,1,0,63,79.7,4786.15,0
4824-GUCBY,0,1,0,0,22,81.7,1820.9,0
5393-HJZSM,0,0,1,1,32,76.3,2404.15,0
7074-IEVOJ,0,1,0,0,3,79.4,205.05,1
9625-QSTYE,0,0,0,0,13,81.15,952.3,1
0862-PRCBS,0,0,1,1,68,103.75,7039.45,0
8812-ZRHFP,0,0,1,1,30,86.45,2538.05,0
5146-CBVOE,0,0,0,0,16,75.1,1212.85,0
0454-OKRCT,1,0,0,0,33,80.6,2651.1,0
5787-KXGIY,1,0,1,0,72,19.3,1304.8,0
4750-ZRXIU,0,1,0,0,4,84.6,360.1,1
4198-VFOEA,0,0,0,0,12,33.6,435.45,0
6630-UJZMY,0,1,1,0,4,83.25,308.05,0
5709-LVOEQ,0,0,1,1,0,80.85, ,0
6400-BWQKW,0,0,0,0,6,79.05,434.5,1
2692-AQCPF,0,0,1,0,65,108.05,7118.9,0
0347-UBKUZ,0,0,0,0,15,19.9,320.45,0
0835-DUUIQ,0,0,0,1,24,21.05,531.55,0
0811-GSDTP,0,0,0,1,13,30.15,382.2,0
7567-ECMCM,1,0,0,0,24,79.85,2001,0
6115-ZTBFQ,0,0,1,0,72,65.5,4919.7,0
6353-BRMMA,0,0,1,1,54,104.1,5645.8,0
6680-WKXRZ,0,0,0,0,3,74.4,215.8,1
6231-WFGFH,1,0,1,1,4,20.5,77.6,0
9904-EHEVJ,0,1,1,1,32,91.35,2896.55,0
7028-DVOIQ,1,1,0,0,35,99.05,3395.8,1
6169-PPETC,1,0,1,1,35,20.5,759.35,0
4208-UFFGW,1,1,0,0,2,44.95,85.15,1
8584-KMVXD,0,0,0,0,8,75.6,535.55,0
8467-WYNSR,1,0,0,0,22,55.1,1253.15,0
0851-DFJKB,0,0,0,0,15,58.95,955.15,0
5382-SOYZL,1,0,0,0,22,95.1,2162.6,0
9448-REEVD,1,0,1,0,1,44.7,44.7,1
3261-CQXOL,0,0,1,1,71,25.45,1813.35,0
8388-FYNPZ,1,0,0,0,4,56.75,245.15,0
4002-BQWPQ,1,0,0,0,25,81.75,2028.8,0
5651-YLPRD,0,0,1,1,32,86.1,2723.75,0
2826-DXLQO,1,1,1,0,7,29.8,220.45,0
4378-BZYFP,1,0,0,0,17,20.5,365.8,0
9489-UTFKA,1,1,1,0,8,60.9,551.95,0
4849-PYRLQ,0,1,0,0,56,73.25,4054.2,0
9117-SHLZX,1,0,0,0,1,45.7,45.7,1
9889-TMAHG,1,1,0,0,8,100.3,832.35,1
4541-RMRLG,1,0,0,0,7,19.25,112.3,1
7764-BDPEE,1,0,0,1,3,20.85,60.65,0
3429-IFLEM,0,0,0,0,71,77.35,5550.1,0
3158-MOERK,0,0,0,0,2,96,174.8,1
7294-TMAOP,0,0,0,0,1,90.55,90.55,1
5002-GCQFH,1,0,1,0,49,93.85,4733.1,0
0556-FJEGU,1,0,0,0,58,70.1,4048.95,0
8919-FYFQZ,1,1,1,0,44,30.35,1359.7,1
0604-THJFP,0,0,1,1,59,75.95,4542.35,0
2834-JRTUA,1,0,0,0,71,108.05,7532.15,1
5875-YPQFJ,1,0,0,0,1,69.9,69.9,1
5879-SESNB,0,0,0,0,11,75.25,888.65,0
6646-QVXLR,1,1,1,0,62,103.75,6383.35,1
6461-PPAXN,0,0,1,1,35,54.95,1916,0
3318-ISQFQ,0,0,0,0,20,19.5,413,0
1106-HRLKZ,1,0,1,1,40,19.6,808.95,0
2483-XSSMZ,0,0,0,0,39,47.85,1886.4,0
8603-IJWDN,1,0,0,0,1,86.6,86.6,1
8165-ZJRNM,0,0,1,1,72,23.75,1679.25,0
9369-XFEHK,0,1,1,0,33,80.6,2656.5,1
2604-XVDAM,0,0,0,0,12,43.8,540.95,0
3717-OFRTN,1,0,0,0,1,19.75,19.75,0
9046-JBFWA,1,0,0,1,27,19.15,537.35,0
3280-NMUVX,1,0,1,1,34,19.6,678.8,0
1206-EHBDD,0,0,1,0,56,80.3,4513.65,0
8361-LBRDI,0,0,0,0,58,24.35,1423.85,0
4883-KCPZJ,0,0,1,1,22,25.25,555.4,0
9108-EQPNQ,0,0,1,1,10,26.1,225.55,0
7277-KAMWT,1,0,0,0,13,20,268.45,0
3842-IYKUE,0,0,0,0,35,85.3,2917.5,1
6641-XRPSU,0,0,0,0,34,70,2416.1,1
1374-DMZUI,0,1,0,0,4,94.3,424.45,1
2545-LXYVJ,1,0,1,0,72,20.7,1492.1,0
3234-VKACU,1,0,0,0,2,70.3,132.4,0
8357-EQXFO,0,0,0,0,7,95.35,660.9,1
1989-PRJHP,1,1,1,0,27,75.5,1893.95,1
8120-JDCAM,1,0,1,1,4,69.55,284.9,0
8917-FAEMR,0,0,0,0,37,19.85,784.25,0
7047-YXDMZ,1,0,0,0,21,20,417.7,0
2858-EIMXH,0,1,1,0,53,95.85,5016.25,0
9524-EGPJC,0,0,0,0,18,90.1,1612.75,1
6993-OHLXR,0,0,0,0,2,68.95,119.75,1
8818-XYFCQ,1,0,1,1,32,99.55,3204.65,1
6419-ZTTLE,1,1,1,0,23,20.75,485.2,0
0929-HYQEW,1,0,0,0,3,50.15,160.85,0
6614-YOLAC,0,0,1,1,71,58.65,4145.25,0
7426-RHZGU,1,0,0,0,9,95.9,827.45,0
4065-JJAVA,0,0,0,0,1,49.5,49.5,0
4695-VADHF,1,0,1,1,18,57.45,990.85,1
3863-IUBJR,1,0,1,1,12,53.65,696.35,1
7649-SIJJF,1,0,1,0,71,80.1,5585.4,0
9361-YNQWJ,0,0,0,0,64,24.4,1601.2,0
3748-FVMZZ,1,0,0,0,4,40.05,162.45,0
9391-TTOYH,0,0,0,0,23,19.5,470.2,0
1452-XRSJV,0,0,1,1,39,51.05,2066,0
3422-WJOYD,1,0,1,0,28,54.35,1426.45,0
8242-SOQUO,0,1,0,0,5,84.7,392.5,0
7460-ITWWP,0,1,1,0,45,86.1,3861.45,0
7147-AYBAA,1,0,0,0,37,70.35,2552.9,0
7868-TMWMZ,0,1,1,0,60,110,6668.35,0
4822-RVYBB,1,1,0,0,8,100.6,819.4,1
6732-FZUGP,0,0,0,0,47,94.9,4615.25,0
8436-BJUMM,1,0,1,1,26,83.75,2070.6,1
4184-TJFAN,0,1,1,1,3,88.3,273.75,1
8329-GWVPJ,0,0,1,1,50,69.75,3557.7,0
1352-VHKAJ,1,0,1,1,27,71.6,1957.1,0
4145-UQXUQ,0,1,0,0,8,92.1,729.95,1
2632-TACXW,0,0,1,0,62,23.65,1416.75,0
8146-QQKZH,0,0,1,0,71,81.85,5924.4,0
1767-CJKBA,1,0,0,0,66,25.1,1697.7,0
6445-TNRXS,1,0,1,1,68,114.7,7849.85,0
4581-LNWUM,0,0,0,0,13,49.15,649.4,0
4869-EPIUS,1,0,1,0,56,80.9,4557.5,0
9948-YPTDG,1,0,1,0,38,79.45,3013.05,1
1236-WFCDV,1,1,0,0,14,90.45,1266.1,1
1915-OAKWD,0,0,0,1,16,19.3,360.35,0
7296-PIXQY,0,0,1,1,14,70.2,1046.5,0
4883-QICIH,1,0,1,1,32,69.75,2347.9,1
3354-OADJP,0,0,0,0,8,54.25,447.75,0
3524-WQDSG,0,0,1,1,43,99.3,4209.95,0
0810-DHDBD,0,0,0,0,52,74,3877.65,0
4026-SKKHW,1,0,0,0,3,50.25,152.3,0
2829-HYVZP,1,0,0,0,29,19.8,572.2,0
8329-IBCTI,0,0,0,0,1,19.65,19.65,1
1271-SJBGZ,1,1,0,0,12,43.65,526.95,1
3845-JHAMY,0,0,1,1,16,35.5,552.7,0
7013-PSXHK,0,0,0,0,40,80.75,3208.65,0
5669-SRAIP,0,0,0,0,5,39.5,210.75,1
5981-ITEMU,1,0,1,0,40,97.1,3706.95,1
3486-NPGST,0,0,0,0,36,19.55,620.75,0
6941-PMGEP,0,0,0,0,5,80,412.5,1
1624-WOIWJ,0,0,0,0,10,84.7,832.05,1
2074-GKOWZ,1,0,1,1,2,89.55,185.55,1
0376-YMCJC,1,0,0,0,23,90.6,1943.2,1
6100-FJZDG,1,0,1,1,26,20.05,505.9,0
4829-ZLJTK,0,1,1,0,72,112.4,8046.85,0
1730-VFMWO,0,0,1,0,34,50.2,1815.3,0
7143-BQIBA,1,0,0,0,10,62.25,612.95,0
3800-LYTRK,0,0,0,0,14,55.7,795.15,0
0634-SZPQA,0,0,0,0,23,90.05,2169.8,1
9646-NMHXE,1,0,1,0,47,19.65,973.1,0
7030-NJVDP,1,0,1,0,24,89.25,2210.2,0
5536-RTPWK,1,0,1,0,49,99.05,4853.75,1
8883-GRDWQ,1,1,0,0,20,54,1055.9,0
6166-ILMNY,0,0,0,0,2,69.75,144.55,1
3097-NNSPB,0,0,0,0,2,49.05,91.1,1
7771-ZONAT,1,0,0,0,22,56.75,1304.85,0
0655-RBDUG,1,0,0,0,7,98.05,713,1
2111-DWYHN,1,0,0,0,1,21.1,21.1,0
4194-WHFCB,0,0,1,1,59,96.65,5580.8,0
4121-AGSIN,0,0,1,1,58,24.5,1497.9,0
4361-BKAXE,0,0,0,0,41,114.5,4527.45,1
9845-PEEKO,0,1,0,0,59,79.2,4590.35,0
0455-XFASS,0,0,1,1,3,69.55,200.2,0
0301-KOBTQ,1,0,0,0,32,20.05,614.45,0
1751-NCDLI,1,1,1,0,46,98.85,4564.9,0
4367-NUYAO,1,0,1,1,0,25.75, ,0
9878-TNQGW,1,0,0,0,2,80.95,171.15,1
9170-ARBTB,0,0,1,1,52,19.6,1012.4,0
4441-NIHPT,0,1,0,0,13,74.3,940.35,1
8999-BOHSE,0,1,0,0,11,89.7,1047.7,1
7241-AJHFS,1,0,0,0,32,87.65,2766.4,0
7029-RPUAV,1,1,1,0,17,100.45,1622.45,1
4546-FOKWR,0,0,0,0,16,74.75,1129.35,0
9036-CSKBW,0,0,0,0,51,107.45,5680.9,0
5832-TRLPB,1,0,0,0,29,75.35,2243.9,0
8590-YFFQO,1,0,1,0,70,64.95,4523.25,0
8659-IOOPU,0,0,1,1,71,100.45,7159.7,0
1338-CECEE,1,0,1,1,41,68.5,2839.95,0
7439-DKZTW,1,0,0,0,1,80.55,80.55,0
4646-QZXTF,0,0,1,0,7,81.25,580.1,0
4607-CHPCA,1,0,1,1,25,90.4,2178.6,1
9742-XOKTS,1,0,1,1,67,89.55,6038.55,0
6921-OZMFH,1,0,1,1,5,55.7,259.4,0
9578-FOMUK,1,0,0,1,15,24.8,324.15,0
4712-UYOOI,0,0,1,1,20,20,417.65,0
8824-RWFXJ,1,0,1,1,3,56.15,168.15,1
7722-CVFXN,1,0,1,1,54,105.2,5637.85,0
8717-VCTXJ,1,0,0,0,42,19.55,839.4,0
7363-QTBIW,0,0,1,0,9,79.75,769.1,0
4159-NAAIX,0,0,0,0,63,97.45,6253,0
0971-QIFJK,0,0,1,0,69,24.25,1641.8,0
9397-TZSHA,0,0,0,0,69,24.6,1678.05,0
3391-JSQEW,1,0,1,0,40,50.15,2058.5,0
0343-QLUZP,1,0,0,0,60,39.6,2424.5,0
9763-PDTKK,0,0,0,0,4,94.4,387.2,1
2176-LVPNX,0,1,0,0,71,89.85,6293.45,0
7627-JKIAZ,0,0,1,0,37,78.95,2839.65,1
3312-UUMZW,1,0,1,0,32,98.85,3145.9,0
1271-UODNO,1,0,0,0,39,53.85,2200.7,0
8461-EFQYM,0,0,0,0,38,24.25,914.4,0
6900-RBKER,1,0,0,0,52,89.45,4577.75,0
6891-JPYFF,0,0,1,1,48,105.25,4997.5,0
1459-QNFQT,1,0,1,1,70,59.5,4144.8,0
1047-NNCBF,1,0,0,0,20,70.55,1493.55,0
3696-XRIEN,0,0,0,0,50,82.5,4179.1,0
4081-DYXAV,0,0,0,0,19,44.85,893.55,1
0074-HDKDG,1,0,1,1,25,61.6,1611,0
8791-GFXLZ,1,0,0,0,12,49.05,593.05,0
8111-SLLHI,1,1,1,0,39,105.65,4284.8,1
0927-LCSMG,1,0,0,0,7,74.65,544.55,1
9330-DHBFL,0,0,1,1,23,66.25,1533.8,0
0098-BOWSO,1,0,0,0,27,19.4,529.8,0
3452-ABWRL,1,1,0,0,47,86.05,3865.6,0
5859-HZYLF,1,0,1,1,26,19.15,515.75,0
8257-RZAHR,0,0,1,0,14,64.7,941,1
5293-WXJAK,0,1,1,0,11,104.05,1133.65,1
3156-QLHBO,1,0,0,1,2,19.25,48.35,0
2208-NQBCT,0,0,1,1,26,81.95,2070.05,0
1779-PWPMG,0,1,1,0,72,114.65,8333.95,0
6621-NRZAK,0,0,1,1,63,20,1209.25,0
0831-JNISG,1,0,1,1,71,19.8,1396.25,0
0774-IFUVM,1,0,1,1,11,65.15,723.35,0
3082-WQRVY,1,1,1,0,14,19.65,228.65,0
9553-DLCLU,0,0,0,1,13,88.95,1161.75,0
1641-BYBTK,1,0,0,1,6,20.2,98.35,0
2460-NGXBJ,1,1,1,1,11,75.2,775.3,0
2446-ZKVAF,1,0,1,0,18,56.8,1074.65,0
0841-NULXI,1,0,0,0,1,35.55,35.55,1
3522-CDKHF,0,0,1,0,32,75.5,2324.7,0
1430-SFQSA,1,0,0,0,29,35.6,1072.6,0
0411-EZJZE,0,0,0,0,3,60.25,170.5,0
7851-WZEKY,0,0,0,0,2,95.15,196.9,1
8844-TONUD,1,0,1,1,13,96.65,1162.85,1
8807-ARQET,0,0,0,0,41,40.35,1677.85,0
8992-CEUEN,0,0,0,0,1,18.85,18.85,0
4320-QMLLA,1,0,0,0,7,54.85,370.4,0
8777-PVYGU,0,0,1,0,52,64.3,3410.6,0
8292-ITGYJ,0,0,1,1,45,24.65,1138.8,0
6870-ZWMNX,1,0,1,0,70,76.1,5264.25,0
0621-CXBKL,0,0,0,0,53,18.7,1005.7,0
5268-DSMNQ,0,1,1,0,62,97.95,5936.55,0
5334-JLAXU,0,0,1,0,60,94.1,5475.9,0
4086-YQSNZ,0,1,1,0,3,80.4,224.05,1
6242-MBHPK,0,1,1,0,23,95.1,2326.05,0
5868-CZJDR,1,0,0,1,1,31.35,31.35,1
9359-UGBTK,0,0,0,0,67,72.35,4991.5,0
0135-NMXAP,0,0,0,0,12,89.75,1052.4,1
4782-OSFXZ,0,1,1,0,71,82.7,5831.2,0
6479-OAUSD,1,0,0,0,25,19.9,510.8,0
7129-ACFOG,0,0,0,0,5,53.8,283.95,0
4189-NAKJS,1,0,0,0,26,51.55,1295.4,0
5562-BETPV,1,0,1,1,1,19.65,19.65,0
1282-IHQAC,1,1,0,0,70,44.05,3011.65,0
9127-FHJBZ,1,0,1,1,72,114,8093.15,0
6270-OMFIW,1,0,1,0,60,94.4,5610.25,1
1641-RQDAY,0,1,1,1,32,100.4,3217.65,0
0107-WESLM,1,0,0,0,1,19.85,19.85,1
6994-ORCWG,0,0,0,0,14,54.25,773.2,0
1346-UFHAX,0,0,0,0,13,80,1029.35,0
3992-YWPKO,0,0,0,0,6,109.9,669.45,1
2933-XEUJM,0,0,0,0,46,79.2,3593.8,0
0125-LZQXK,1,0,0,0,15,101.35,1553.95,1
5461-QKNTN,1,1,1,0,43,94.3,3953.15,0
4835-YSJMR,1,0,0,0,39,49.8,1971.15,0
8399-YNDCH,1,1,0,0,21,60.05,1236.15,1
3164-YAXFY,1,0,0,0,57,53.75,3196,0
0887-WBJVH,0,0,1,0,53,93.45,4872.2,0
4660-IRIBM,1,0,1,1,18,87.9,1500.5,0
5673-FSSMF,0,0,0,0,1,60.15,60.15,1
7670-ZBPOQ,0,0,1,0,58,61.05,3478.75,0
8089-UZWLX,0,1,0,0,71,104.05,7413.55,0
0080-OROZO,0,0,0,0,35,99.25,3532,0
3916-NRPAP,1,0,0,0,3,85.7,256.75,0
6807-SIWJI,1,0,0,0,38,104.85,3887.25,0
8221-HVAYI,1,0,1,1,35,69.15,2490.15,0
1579-KLYDT,1,0,0,0,7,90.45,593.45,1
5232-NXPAY,0,0,0,0,47,74.45,3510.3,0
8967-SZQAS,0,0,0,0,14,50.45,765.45,0
4468-KAZHE,0,1,1,0,20,60,1259.35,0
0455-ENTCR,1,0,1,0,66,85.25,5538.35,0
8944-AILEF,1,0,1,0,15,19.45,340.85,0
5542-NKVRU,0,0,0,0,42,20.75,844.45,0
7126-RBHSD,0,0,1,0,17,78.9,1348.95,0
5370-IIVVL,1,0,0,0,37,104.5,3778,0
6789-HJBWG,0,0,0,0,12,49.4,611.65,0
3927-NLNRY,1,0,1,0,53,94.25,4867.95,1
9087-EYCPR,0,0,0,0,60,25,1505.05,0
6791-YBNAK,1,0,1,1,18,25.55,467.85,0
6358-LYNGM,1,0,0,0,1,74.9,74.9,1
6077-BDPXA,0,0,0,0,3,70.15,194.2,0
0013-MHZWF,0,0,0,1,9,69.4,571.45,0
5494-HECPR,0,0,0,0,1,80.25,80.25,1
8268-YDIXR,1,0,1,0,56,93.15,5253.95,0
9824-BEMCV,1,0,1,1,17,69,1149.65,1
1373-ORVIZ,0,0,1,1,11,66.35,740.8,1
4291-SHSBH,1,0,0,0,7,69.55,521.35,0
6980-IMXXE,0,0,1,1,69,20.2,1412.65,0
9866-QEVEE,1,0,0,0,19,86,1532.45,1
9897-KXHCM,0,0,1,1,3,80.3,250.05,1
0040-HALCW,1,0,1,1,54,20.4,1090.6,0
0784-GTUUK,1,0,1,0,62,23.75,1446.8,0
7979-CORPM,1,0,0,0,24,90.55,2282.55,1
2294-DMMUS,0,0,1,1,62,70.45,4300.45,0
0872-JCPIB,1,0,0,0,17,65.75,1111.2,0
3055-MJDSB,1,0,0,0,9,24.6,190.1,0
9091-WTUUY,1,0,1,1,64,69.25,4447.75,0
1618-CFHME,0,0,0,0,2,75.9,143.35,1
3165-HDOEW,1,0,1,1,1,45.85,45.85,1
6581-NQCBA,0,0,1,0,16,49.95,810.2,1
7115-IRDHS,0,0,1,0,72,24.65,1830.05,0
8496-DMZUK,1,0,0,0,30,90.4,2820.65,0
2040-VZIKE,0,0,1,0,49,100.85,4847.35,0
9068-VPWQQ,1,0,1,0,61,75.35,4729.3,0
0178-SZBHO,1,0,1,1,47,87.2,4017.45,0
0384-RVBPI,1,0,0,0,20,64.4,1398.6,0
1689-MRZQR,1,0,1,1,34,78.3,2564.3,1
1299-AURJA,0,0,1,1,70,24.7,1685.9,0
4525-VZCZG,1,0,0,1,54,105.85,5826.65,0
1543-LLLFT,1,1,1,0,61,98.3,6066.55,0
5835-BEQEU,1,0,0,0,3,76.95,228.4,1
2788-CJQAQ,1,0,0,0,13,19.45,270.2,0
5565-FILXA,0,1,0,0,16,96.15,1529.2,1
0319-QZTCO,0,0,1,1,3,58.7,168.6,0
2120-SMPEX,1,0,0,0,25,20.15,536.35,0
0096-FCPUF,1,0,0,0,30,64.5,1888.45,0
0668-OGMHD,0,0,1,0,21,28.5,629.35,0
5552-ZNFSJ,1,0,0,0,1,45.3,45.3,1
2223-KAGMX,0,0,0,0,15,19.4,289.3,1
6507-ZJSUR,1,1,1,0,23,90.45,2117.25,0
9408-HRXRK,0,0,1,1,45,105.15,4730.9,0
5593-SUAOO,0,0,1,1,24,83.15,2033.05,0
7321-PKUYW,0,0,0,0,11,90.15,987.95,1
2833-SLKDQ,1,0,0,0,1,45.05,45.05,1
6766-HFKLA,0,0,1,0,56,103.2,5744.35,0
7595-EUIVN,0,0,0,0,1,75.8,75.8,1
7617-EYGLW,1,0,0,0,1,19.45,19.45,0
2026-TGDHM,0,0,0,0,7,79.3,523.15,1
9220-ZNKJI,0,1,1,0,55,88.8,4805.3,0
4030-VPZBD,0,0,0,0,2,30.9,59.05,1
2226-ICFDO,0,0,1,1,72,85.9,6110.75,0
0723-VSOBE,0,1,0,0,45,34.2,1596.6,0
5529-GIBVH,0,0,0,0,47,20.15,1046.2,0
4187-CINZD,0,1,0,0,46,95.25,4424.2,1
9992-UJOEL,1,0,0,0,2,50.3,92.75,0
4741-WWJQZ,0,0,1,0,2,80.15,194.55,0
6625-UTXEW,0,0,1,0,12,51.25,612.1,0
6818-WOBHJ,0,1,1,0,68,89.6,6127.6,1
6244-BESBM,1,0,1,1,69,95.2,6671.7,0
1004-NOZNR,1,1,0,1,56,94.8,5264.3,0
1251-STYSZ,0,1,0,0,4,80.25,303.7,0
2612-PHGOX,1,0,1,0,64,76.1,4818.8,0
2408-TZMJL,1,0,1,0,59,110.15,6448.05,1
8480-PPONV,1,0,1,1,62,115.55,7159.05,0
8780-IHCRN,1,0,1,1,63,24.65,1574.5,0
4598-ZADCK,0,0,0,0,53,53.6,2879.2,0
1257-SXUXQ,1,0,1,1,5,19.45,86.05,0
9681-KYGYB,1,1,1,0,49,88.2,4159.45,0
7182-OVLBJ,0,0,1,1,62,101.15,6638.35,0
5095-ETBRJ,0,0,1,0,55,56.8,3112.05,0
7005-CYUIL,0,1,1,0,71,99.4,7168.25,0
4821-WQOYN,0,0,1,1,72,20.1,1326.25,0
4730-AWNAU,1,0,1,1,36,60.7,2234.55,0
3452-FLHYD,1,0,1,0,25,20.95,495.15,0
2388-LAESQ,0,1,1,0,72,114.85,8317.95,0
9531-NSBMR,0,0,0,0,36,19.25,679.8,0
6260-ONULR,1,0,0,0,1,62.8,62.8,0
4389-UEFCZ,0,0,1,0,72,105.5,7544,0
8711-LOBKY,1,0,1,1,59,19.85,1188.25,0
9134-CEQMF,1,1,1,0,7,89.5,676.7,1
8985-OOPOS,0,0,0,0,1,74.1,74.1,0
8800-ZKRFW,0,0,1,1,30,107.5,3242.5,0
2616-FLVQC,1,0,0,0,64,19.55,1240.15,0
9968-FFVVH,1,0,0,0,63,68.8,4111.35,0
3108-PCCGG,1,1,1,0,72,84.45,5899.85,0
7993-PYKOF,1,0,1,0,8,75,632.95,1
8390-FESFV,0,0,0,0,62,84.5,5193.2,0
3022-BEXHZ,1,0,1,1,67,111.2,7530.8,0
5027-XWQHA,1,0,0,0,6,44.75,270.95,1
6248-TKCQV,0,0,1,1,70,80.6,5460.2,0
6729-GDNGC,0,1,0,0,20,80.7,1614.2,0
6198-ZFIOJ,0,0,0,0,5,75.6,402.5,0
5989-OMNJE,0,0,1,1,24,57.6,1367.75,0
4566-QVRRW,0,0,1,0,11,44.05,483.7,1
1291-CUOCY,1,0,1,0,72,110.6,7962.2,0
9795-SHUHB,0,0,1,1,66,58.2,3810.8,0
3230-IUALN,0,0,1,1,45,81,3533.6,0
0042-RLHYP,0,0,1,1,69,19.7,1396.9,0
8519-IMDHU,1,1,1,0,15,85.6,1345.55,1
4945-RVMTE,0,0,0,0,28,59.55,1646.45,0
0201-OAMXR,0,0,0,0,70,115.55,8127.6,1
1866-NXPSP,0,0,0,0,36,75.55,2680.15,0
3372-KWFBM,1,1,0,0,16,86.6,1281,1
7831-QGOXH,0,0,0,0,18,85.2,1553.9,1
6393-WRYZE,0,0,1,0,34,97.65,3207.55,1
3941-XTSKM,1,0,1,1,42,45.1,2049.05,0
1661-CZBAU,1,0,0,0,48,70.95,3629.2,0
6599-RCLCJ,1,0,1,0,47,109.55,5124.55,1
9831-BPFRI,0,0,1,1,39,89.55,3474.45,1
5158-RIVOP,0,0,1,1,11,20.9,202.3,0
9788-YTFGE,1,0,0,0,7,19.95,147.5,0
9277-JOOMO,0,0,0,0,3,24.6,86.35,0
1907-YLNYW,1,0,0,0,8,66.7,579,0
1725-MIMXW,1,0,0,1,1,19.45,19.45,1
8947-YRTDV,1,0,1,1,32,94.8,3131.55,0
3161-ONRWK,1,0,1,1,60,65.85,3928.3,0
0114-RSRRW,0,0,1,0,10,19.95,187.75,0
4565-NLZBV,0,0,1,0,71,24.65,1710.15,0
0031-PVLZI,0,0,1,1,4,20.35,76.35,1
7206-GZCDC,0,1,0,0,1,69.25,69.25,1
6682-VCIXC,0,0,1,1,43,51.25,2151.6,0
4791-QRGMF,1,0,1,0,59,99.5,5961.1,1
6475-VHUIZ,0,0,1,0,23,54.25,1221.55,0
3910-MRQOY,0,0,1,0,72,19.4,1496.45,0
0661-WCQNQ,1,0,1,0,22,56.25,1292.2,0
7537-RBWEA,0,0,0,0,1,25.15,25.15,0
4656-CAURT,1,0,0,0,69,23.95,1713.1,0
0121-SNYRK,1,0,0,0,50,35.4,1748.9,0
1768-ZAIFU,0,1,0,0,1,25.2,25.2,1
4671-LXRDQ,1,0,0,0,2,45,96.45,1
3733-LSYCE,0,0,1,0,15,75.35,1114.55,0
6265-FRMTQ,1,0,0,0,31,20.4,609.1,0
1934-SJVJK,1,0,0,0,1,20.15,20.15,1
3838-OZURD,1,0,1,0,66,105,7133.25,1
1371-DWPAZ,0,0,1,1,0,56.05, ,0
9269-CQOOL,1,0,0,1,3,54.7,169.45,1
2017-CCBLH,0,0,0,0,8,20,141.6,0
7690-KPNCU,1,0,1,1,64,73.05,4688.65,0
0536-BGFMZ,0,0,1,0,28,20.5,563.05,0
2293-IJWPS,0,0,1,0,57,100.75,5985,0
2845-HSJCY,0,0,1,1,14,87.25,1258.6,1
5469-NUJUR,1,0,0,0,19,19.95,373.5,0
1184-PJVDB,1,0,1,0,10,79.95,857.2,1
2625-TRCZQ,0,0,1,0,51,49.65,2553.35,0
4102-HLENU,0,0,1,0,67,65.65,4322.85,0
7266-GSSJX,1,0,1,1,11,20.45,250.8,0
7722-VJRQD,1,0,1,1,72,60.95,4549.05,0
7073-QETQY,1,0,1,1,66,20.35,1359.5,0
9415-DPEWS,0,0,0,0,18,88.35,1639.3,1
5624-RYAMH,0,0,0,0,9,19.5,178.85,0
0196-JTUQI,0,0,0,0,9,75.2,633.85,0
7130-YXBRO,1,0,1,0,48,111.45,5315.1,0
9272-LSVYH,1,0,0,0,10,70.15,735.5,0
7943-RQCHR,0,0,0,0,9,94.75,889.9,1
3793-MMFUH,0,1,0,0,13,95.05,1290,1
3249-ZPQRG,1,0,0,0,4,78.45,330.05,1
2568-BRGYX,1,0,0,0,4,70.2,237.95,1
3084-DOWLE,0,0,1,0,72,92,6474.4,0
1084-MNSMJ,0,0,1,1,51,85.5,4421.95,0
7721-JXEAW,1,0,1,0,59,41.05,2452.7,1
7249-WBIYX,1,0,1,0,10,85.6,813.85,1
4238-HFHSN,1,1,1,0,61,82.15,4904.85,0
6250-CGGUN,1,0,0,0,54,84.4,4484.05,0
5478-JJVZK,0,0,0,0,33,60.9,2033.85,0
7596-IIWYC,0,0,0,0,27,20.25,538.2,0
6567-HOOPW,0,1,0,0,1,79.2,79.2,1
9793-WECQC,1,0,0,0,23,95.3,2192.9,0
4291-HPAXL,1,0,0,1,1,19.85,19.85,0
8999-YPYBV,1,0,1,1,45,84.35,3858.05,0
1839-FBNFR,0,0,1,1,39,19.85,854.8,0
3164-AALRN,1,0,0,0,5,70,347.4,1
3071-MVJCD,1,0,1,1,72,82.3,5815.15,0
1697-BCSHV,0,0,1,1,58,66.8,3970.4,0
0562-KBDVM,0,0,0,0,70,44.6,3058.15,0
1131-SUEKT,1,0,1,1,61,98.45,6145.2,0
3717-OEAUQ,1,0,0,0,2,70.7,129.2,0
4538-WNTMJ,0,0,1,1,46,24.95,1165.9,0
3334-CTHOL,0,0,0,0,1,49.95,49.95,1
4704-ERYFC,0,0,1,0,22,69.25,1554,1
9432-RUVSL,0,0,0,0,48,102.5,4904.25,0
8060-HIWJJ,1,0,0,0,64,86.55,5632.55,0
7684-XSZIY,1,0,1,1,72,24.3,1643.25,0
9089-UOWJG,0,0,1,1,12,58.35,740.55,0
8621-MNIHH,0,1,1,0,34,94.25,3217.55,1
8039-ACLPL,0,0,1,1,72,68.75,4888.2,0
9885-AIBVB,1,0,1,0,29,85.8,2440.25,0
1934-MKPXS,1,0,1,1,33,20.1,620.55,0
2592-YKDIF,0,0,0,0,1,20.35,20.35,0
2272-JKMSI,0,0,1,1,62,110.8,6840.95,0
0471-LVHGK,1,0,1,0,41,73,3001.2,1
9518-RWHZL,0,0,0,0,64,100.05,6254.2,1
8714-CTZJW,0,0,0,0,4,82.85,319.6,0
3569-EDBPQ,0,0,0,0,24,84.35,1938.05,0
3131-NWVFJ,0,0,1,1,14,19.55,294.5,0
7521-YXVZY,1,0,0,1,3,19.95,58.3,0
5419-CONWX,0,1,0,0,4,99.8,442.85,1
6240-EURKS,0,0,0,1,18,35,553,1
2373-NTKOD,1,0,0,0,8,66.25,546.45,0
1970-KKFWL,0,0,0,0,35,23.3,797.1,0
6960-HVYXR,0,0,0,0,1,76,76,1
9337-SRRNI,1,0,0,1,66,25.3,1673.8,0
0895-UADGO,1,0,0,1,8,44.55,343.45,0
5678-VFNEQ,0,0,1,0,71,104.1,7412.25,0
5977-CKHON,0,0,1,1,43,92.55,4039,0
7024-OHCCK,0,1,0,0,2,93.85,170.85,1
2692-BUCFV,1,1,0,0,29,101.45,2948.6,0
7861-UVUFT,0,0,1,0,15,84.3,1308.4,1
1830-GGFNM,1,0,1,1,65,94.55,6078.75,0
5302-BDJNT,1,0,0,0,35,95.5,3418.2,0
5223-UZAVK,1,0,0,0,64,100.3,6603.8,0
4859-ZSRDZ,0,0,1,1,58,55.5,3166.9,0
5651-WYIPH,0,1,0,0,18,49.85,865.75,0
9350-VLHMB,1,0,1,1,67,89.55,6373.1,0
3498-LZGQZ,1,0,1,1,63,19.15,1177.05,0
8785-CJSHH,0,0,1,0,60,99.8,5985.75,0
5357-TZHPP,1,1,0,0,9,84.4,732.5,1
3870-SPZSI,0,0,1,1,70,113.05,7869.05,0
0680-DFNNY,1,0,1,0,15,101.1,1504.05,1
7560-QRBXH,0,0,0,1,48,19.95,936.7,0
7077-XJMET,1,0,1,0,12,74.15,741.4,0
8752-GHJFU,1,1,1,0,71,92,6585.2,0
6896-SRVYQ,1,1,0,0,44,73.85,3122.4,0
7767-UXAGJ,1,0,0,0,1,50.45,50.45,1
4652-ODEVH,1,0,1,1,45,24.45,1088.25,0
6510-UPNKS,0,0,0,0,23,24.8,615.35,0
6718-BDGHG,0,0,1,0,43,64.85,2908.2,0
9046-DQMTP,1,0,0,0,35,20.75,739.9,0
6439-LAJXL,1,0,1,0,9,68.95,593.85,0
1571-SAVHK,1,0,0,0,12,99.95,1132.75,1
9052-VKDUW,0,1,1,0,65,109.4,7227.45,0
9546-CQJSU,0,0,0,0,2,91.4,193.6,1
1666-JZPZT,1,0,0,0,27,49,1291.35,0
5777-KJIRB,0,0,0,0,40,50.25,2023.55,0
0506-LVNGN,0,1,0,0,5,75.55,349.65,1
7677-SJJJK,1,0,1,1,8,19.9,153.95,0
2480-EJWYP,0,1,1,0,58,97.8,5458.8,0
3253-HKOKL,0,0,1,1,52,100.3,5244.45,0
7055-HNEOJ,1,0,1,0,3,55.8,154.55,0
5514-YQENT,1,0,0,1,41,111.15,4507.15,0
3211-AAPKX,1,0,0,0,20,98.55,2031.95,0
8445-DNBAE,1,0,0,1,1,50.05,50.05,0
2951-QOQTK,1,0,0,1,4,80.8,332.45,1
2958-NHPPS,1,0,0,0,23,20.85,473.9,0
6806-YDEUL,0,1,0,0,6,19.5,106.8,0
1735-XMJVH,1,0,1,1,8,19.35,152.6,0
6890-PFRQX,1,0,0,0,18,69.5,1199.4,0
0222-CNVPT,1,1,0,0,52,48.8,2555.05,0
5899-OUVKV,1,0,0,0,31,94.5,2979.2,0
8681-ICONS,1,0,1,1,29,20.65,654.85,0
1621-YNCJH,0,0,1,0,36,106.05,3834.4,0
3473-XIIIT,0,0,1,0,16,100,1534.75,1
6362-QHAFM,1,0,1,0,42,108.3,4586.15,0
7893-IXHRQ,1,0,0,0,1,20.55,20.55,1
3070-BDOQC,0,0,0,0,60,99.65,5941.05,0
2952-QAYZF,1,0,0,0,5,85.3,424.15,1
6234-PFPXL,1,0,1,0,22,95.9,2234.95,0
9824-QCJPK,1,0,1,0,36,20,666.75,0
4763-PGDPO,0,0,0,0,4,70.4,281,1
4283-IVYCI,1,0,0,0,9,64.95,547.8,0
1866-OBPNR,1,0,1,1,1,74.6,74.6,0
8205-MQUGY,1,0,1,1,12,49.2,571.15,0
8970-ANWXO,0,0,0,0,23,73.75,1756.6,0
9480-BQJEI,1,0,0,0,62,92.3,5731.45,0
5394-SVGJV,1,0,0,0,37,98.8,3475.55,1
6979-TNDEU,0,0,0,0,8,19.2,156.85,0
9777-WJJPR,1,0,1,0,31,88.65,2683.2,0
9283-LZQOH,1,0,1,1,13,74.4,896.75,1
7079-QRCBC,0,0,0,0,24,98.75,2407.3,1
9495-SKLKD,1,0,1,1,45,95.95,4456.65,0
6048-UWKAL,0,1,1,0,69,105.4,6998.95,0
5067-DGXLL,1,0,0,0,2,20.25,36.8,0
5469-CTCWN,1,0,1,1,61,106,6547.7,1
9851-QXEEQ,1,0,0,0,41,104.7,4346.4,1
6281-FKEWS,0,0,0,0,44,49.05,2265,0
8898-KASCD,1,0,0,0,39,35.55,1309.15,0
9242-TKFSV,1,0,1,1,72,65.1,4754.3,0
9290-SHCMB,0,1,0,0,13,96.85,1235.55,0
0743-HNPFG,0,0,1,1,51,69.75,3562.5,0
2277-BKJKN,0,1,1,0,71,99.2,7213.75,0
9809-IMGCQ,1,1,0,0,22,96.7,2082.95,1
5208-HFSBT,0,0,0,0,2,55.05,102.75,1
5035-PGZXH,0,0,0,0,56,106.8,5914.4,0
8695-WDYEA,1,0,0,0,1,51.25,51.25,0
6543-JXSOO,0,0,1,1,23,57.75,1282.85,0
8016-ZMGMO,0,1,1,0,66,70.85,4738.85,0
8605-ITULD,0,0,0,0,1,19.55,19.55,0
3254-YRILK,1,1,0,0,19,88.2,1775.8,1
6416-YJTTB,1,0,0,0,11,79.5,795.65,0
2667-WYLWJ,0,0,1,1,8,19.75,145,1
4472-VESGY,0,0,1,1,52,98.15,4993.4,0
3195-TQDZX,1,0,0,0,3,20.25,61.45,0
3128-YOVTD,0,0,1,1,51,79.15,4018.55,0
0529-ONKER,1,1,0,0,15,75.65,1146.65,1
1728-CXQBE,1,1,1,0,64,94.25,6081.4,0
7041-TXQJH,0,0,0,0,37,40.2,1478.85,0
5014-GSOUQ,1,0,0,0,13,19.95,243.65,0
5724-BIDBU,1,0,1,0,49,55.35,2633.95,0
0481-SUMCB,0,1,0,0,45,102.15,4735.35,0
1769-GRUIK,0,0,0,0,18,71.1,1247.75,0
5240-IJOQT,1,1,0,0,1,74.7,74.7,1
8819-WFGGJ,1,0,1,0,68,54.1,3794.5,0
7427-AUFPY,1,0,0,0,54,19.65,1008.7,0
2811-POVEX,0,1,1,1,23,88.45,2130.55,0
1092-GANHU,1,0,0,0,17,76.65,1313.55,1
7898-PDWQE,1,0,1,0,71,80.4,5727.15,0
9972-EWRJS,0,0,1,1,67,19.25,1372.9,0
9314-IJWSQ,0,0,1,1,14,84.8,1203.9,0
0661-XEYAN,0,1,0,0,1,25.8,25.8,1
5799-JRCZO,0,0,0,1,63,19.5,1215.1,0
1921-KYSAY,0,0,0,0,41,68.6,2877.05,0
6198-RTPMF,0,0,1,0,17,92.6,1579.7,0
2924-KHUVI,1,0,1,0,56,100.55,5514.95,0
1925-GMVBW,0,0,0,0,5,20.55,96.1,0
7881-EVUAD,0,0,0,0,2,42.6,72.4,1
6184-DYUOB,0,0,1,0,3,19.6,55.25,0
9207-ZPANB,1,0,0,0,37,67.45,2443.3,0
5766-XQXMQ,0,0,0,0,29,68.85,1970.5,1
9327-QSDED,1,0,0,0,8,43.55,335.4,0
1656-DRSMG,0,0,0,0,63,109.85,7002.95,0
3012-VFFMN,0,0,1,1,7,20.65,158.95,0
2984-AFWNC,0,0,0,0,3,95.4,293.15,0
0640-YJTPY,1,0,1,1,72,21,1493.75,0
8096-LOIST,0,0,0,0,19,56.2,1093.4,0
9764-REAFF,0,0,1,0,59,18.4,1057.85,0
3703-VAVCL,1,0,1,1,2,90,190.05,1
7107-UBYKY,0,0,1,1,35,25.75,882.55,0
4881-GQJTW,1,0,0,0,14,19.6,300.4,0
8519-QJGJD,0,0,0,0,14,75.35,1025.95,1
7876-DNYAP,0,0,1,1,69,19.8,1436.95,0
7905-NJMXS,1,1,1,0,7,64.2,475,0
2882-WDTBA,1,0,1,1,69,75.75,5388.15,0
2091-GPPIQ,0,0,1,1,72,78.95,5730.15,0
6326-MTTXK,1,0,0,0,8,100.85,819.55,1
5071-FBJFS,0,0,1,1,4,50.3,217.1,0
2796-UUZZO,1,0,1,1,63,80.3,4896.35,0
2429-AYKKO,1,0,0,0,72,19.85,1434.1,0
9798-OPFEM,0,0,0,0,46,21.1,937.1,0
0330-IVZHA,0,0,1,0,5,69.95,330.15,1
3794-NFNCH,1,0,1,0,30,50,1474.9,0
5193-QLVZB,1,0,0,0,63,104.75,6536.5,0
7114-AEOZE,0,0,0,0,60,19.85,1128.1,0
2886-KEFUM,0,0,1,0,63,107.5,6873.75,1
5522-NYKPB,1,0,1,1,25,85.9,2199.05,0
4237-RLAQD,1,0,0,0,1,45.85,45.85,1
9957-YODKZ,1,1,1,0,6,80.8,457.1,0
6518-KZXCB,1,0,0,0,22,25.25,566.5,0
2245-ADZFJ,0,0,1,1,31,80.55,2471.6,0
7776-QGYJC,0,0,1,1,39,81.5,3107.3,0
9313-QOLTZ,1,0,0,0,26,20.9,518.3,0
9651-GTSAQ,0,0,1,0,53,106.1,5769.75,1
3186-BAXNB,0,0,0,0,1,91.7,91.7,1
4672-FOTSD,1,0,0,0,12,67.25,832.3,0
0637-YLETY,0,0,0,0,16,95.6,1555.65,1
9818-XQCUV,0,0,0,0,2,20.35,45.3,0
7338-ERIVA,1,0,0,1,39,45.05,1790.6,0
1157-BQCUW,1,0,0,0,1,74.95,74.95,1
8259-NFJTV,0,0,1,1,7,34.65,246.6,0
3223-DWFIO,1,1,0,0,4,69.35,261.65,0
2660-EMUBI,1,1,0,0,10,95.35,898.35,1
6968-GMKPR,0,0,0,0,55,81.55,4509.5,0
4751-ERMAN,1,0,1,1,72,75.4,5480.25,0
1436-ZMJAN,0,0,1,0,10,67.8,653.15,0
3292-PBZEJ,1,1,0,0,11,111.4,1183.05,0
0799-DDIHE,0,0,1,1,15,46.3,639.45,0
3070-FNFZQ,0,0,1,1,23,20.4,478.75,0
2812-SFXMJ,1,0,0,1,1,20.05,20.05,0
7675-OZCZG,0,1,0,0,3,45,127.1,1
5014-WUQMG,1,0,1,1,47,96.1,4391.45,0
5312-TSZVC,0,0,0,1,15,19.65,270.6,0
2003-CKLOR,1,0,0,0,66,99.5,6710.5,1
0993-OSGPT,0,1,1,0,68,60.65,3975.9,0
9254-RBFON,0,0,1,1,17,98.6,1704.95,1
1205-WNWPJ,0,0,0,0,7,59.5,415.95,1
9391-EOYLI,1,1,1,0,12,80.45,950.2,1
7108-DGVUU,0,1,1,0,21,71.7,1497.05,0
2782-JEEBU,1,0,0,0,21,36,780.15,0
5127-BZENZ,0,0,1,1,56,65.2,3512.15,0
2720-FVBQP,0,0,1,1,6,48.95,273.25,0
9906-NHHVC,0,1,0,0,65,53.5,3517.9,0
4522-XRWWI,1,0,1,0,42,80.45,3375.9,0
3766-EJLFL,0,0,1,1,68,109.05,7508.55,0
5939-SXWHM,1,0,1,1,48,26.3,1245.05,0
8152-UOBNY,0,1,0,0,50,106.8,5347.95,0
7351-KYHQH,0,1,0,0,7,64.95,493.65,0
7643-RCHXS,0,0,1,1,63,19.35,1263.85,0
8246-SHFGA,1,0,0,0,17,21.1,385.55,0
8387-MOJJT,0,0,1,1,42,77.95,3384,1
0620-XEFWH,1,0,1,1,4,18.85,84.2,0
6485-QXWWE,0,0,0,1,62,26,1638.7,0
2761-OCIAX,1,1,0,0,2,74.7,165.4,1
7321-VGNKU,0,0,1,0,2,70.35,120.25,0
5327-CNLUQ,1,0,1,0,48,96.9,4473.45,0
7552-KEYGT,1,0,1,0,27,19.55,520.55,0
5816-JMLGY,0,0,1,1,70,80.4,5717.85,0
3068-OMWZA,1,1,0,0,1,88.8,88.8,1
2927-QRRQV,1,0,1,0,46,94.65,4312.5,0
6032-KRXXO,1,0,0,0,30,90.25,2755.35,1
7459-RRWQZ,0,0,0,0,15,64.65,994.55,1
6265-SXWBU,1,0,1,1,69,95.75,6511.25,0
7941-RCJOW,1,0,0,0,65,19.55,1218.65,0
6374-NTQLP,1,1,1,1,72,104.1,7447.7,0
4154-AQUGT,1,1,1,0,13,89.05,1169.35,1
2387-KDZQY,1,0,0,0,17,20.1,279.5,0
3584-WKTTW,1,0,1,0,51,111.55,5720.35,0
3399-BMLVW,1,0,1,1,51,60.5,3121.45,0
1971-DTCZB,0,0,1,0,72,90.95,6468.6,0
3092-IGHWF,1,0,1,1,67,87.4,5918.8,1
3374-PZLXD,1,0,0,0,34,19.7,675.6,0
3813-DHBBB,1,0,1,0,67,50.95,3521.7,0
2812-REYAT,0,0,1,0,49,20.05,923.1,0
6518-PPLMZ,1,0,1,1,53,19.4,1110.35,0
4939-KYYPY,1,0,0,0,27,59.45,1611.65,0
8017-LXHFA,0,1,0,0,23,94.75,2293.6,1
5930-GBIWP,1,0,0,0,69,81.5,5553.25,0
6022-KOUQO,0,0,1,1,2,29.05,44.75,0
6352-TWCAU,0,0,0,0,35,86.45,3029.1,1
2361-UPSND,0,0,1,0,46,70.6,3231.05,0
6035-RIIOM,0,0,0,0,54,97.2,5129.45,0
2929-QNSRW,0,0,1,0,56,98.25,5508.35,1
1262-OPMFY,0,0,1,0,9,75.75,655.9,1
9504-DSHWM,1,0,0,0,20,59.2,1191.2,0
5035-BVCXS,1,0,0,0,11,75.9,866.4,0
6267-DCFFZ,0,1,1,0,30,90.05,2627.2,0
3533-UVMOM,1,0,1,0,68,70.95,4741.45,0
2439-LYPMQ,1,1,1,0,38,102.6,4009.2,0
4248-QPAVC,0,1,1,0,17,85.35,1463.45,1
1899-VXWXM,1,0,0,0,48,106.1,5082.8,1
1478-VPOAD,0,0,0,0,1,43.8,43.8,0
9995-HOTOH,1,0,1,1,63,59,3707.6,0
2988-PLAHS,0,0,0,0,3,69.95,220.45,0
1371-OJCEK,0,0,0,0,48,24.35,1133.7,0
4999-IEZLT,1,0,0,0,66,29.45,1983.15,0
8883-ANODQ,0,0,1,1,68,84.4,5746.75,0
4690-LLKUA,1,1,0,0,17,45.05,770.6,1
2351-RRBUE,0,0,1,1,7,20.65,134.05,0
5980-BDHPY,1,0,1,0,72,87.1,6230.1,0
1498-DQNRX,0,0,1,0,29,19.85,573.05,0
9469-WEJBT,1,0,1,0,37,90.35,3419.3,0
3331-HQDTW,0,0,0,0,34,109.8,3587.25,1
9490-DFPMD,0,1,0,0,42,84.65,3541.35,1
2581-VKIRT,0,0,1,1,59,65.5,3801.3,0
5442-XSDCW,1,0,1,1,11,79.5,868.5,1
7426-WEIJX,1,1,1,1,60,80.95,4859.1,0
2851-MMUTZ,0,0,0,0,27,56.15,1439.35,0
3049-NDXFL,0,0,0,0,1,85.8,85.8,1
8580-AECUZ,1,1,0,0,1,79.1,79.1,1
3307-TLCUD,1,0,1,0,17,34.4,592.75,0
6625-FLENO,1,0,1,0,58,20.75,1185.95,0
2967-MXRAV,1,0,1,1,1,18.8,18.8,0
7963-GQRMY,0,0,1,1,3,44.3,134.5,1
8189-HBVRW,0,0,0,0,53,90.8,4921.2,0
4163-KIUHY,1,0,0,0,35,25.6,901.25,0
1228-FZFRV,1,0,1,1,50,105.95,5341.8,1
3500-NSDOA,1,0,1,1,68,70.8,4859.95,0
1171-TYKUR,1,0,1,0,47,25.4,1139.2,0
3761-FLYZI,0,1,1,0,65,108.8,7082.45,0
2058-DCJBE,1,0,0,0,5,69.75,324.6,1
5364-XYIRR,1,0,1,0,51,94.65,4812.75,1
4829-AUOAX,0,0,0,0,46,96.05,4399.5,1
1219-NNDDO,0,0,0,0,9,76.85,663.55,0
8388-DMKAE,0,0,0,0,8,20.25,174.65,0
4403-BWPAY,1,0,0,0,14,24.8,321.7,0
9659-QEQSY,0,0,0,0,45,115.65,5125.5,0
5405-ZMYXQ,0,0,0,0,8,74.6,548.9,0
5047-LHVLY,1,1,0,1,1,50.15,50.15,1
1442-OKRJE,1,0,1,1,66,103.15,7031.3,0
4737-AQCPU,1,0,1,1,72,72.1,5016.65,0
9158-VCTQB,0,0,1,0,41,113.6,4594.95,1
2808-CHTDM,0,0,1,1,23,25.1,611.45,0
6311-UEUME,0,0,0,0,29,78.9,2384.15,1
0793-TWELN,0,0,0,0,4,80.15,319.85,0
3283-WCWXT,1,0,1,1,6,25.4,153.3,0
1060-ENTOF,0,1,1,0,67,105.4,7035.6,0
0999-QXNSA,1,1,0,1,7,45.75,344.2,0
5451-MHQOF,1,0,1,1,56,24.45,1431.65,0
4836-WNFNO,0,0,1,0,72,25,1849.2,0
9225-BZLNZ,1,0,1,0,72,85.25,6083.1,0
0354-VXMJC,1,0,1,1,23,19.6,426.65,0
4422-QVIJA,0,0,0,1,35,50.15,1655.35,0
9365-SRSZE,1,1,1,0,27,70.55,1943.9,0
6839-ITVZJ,0,0,1,1,26,60.05,1616.15,1
8332-OSJDW,1,0,1,1,12,26.4,314.95,0
4735-BJKOU,0,0,0,0,40,20.15,804.85,0
0274-JKUJR,1,0,1,1,7,58.85,465.7,0
5740-YHGTW,1,0,1,1,70,97.55,6669.05,0
8917-SZTTJ,1,0,1,1,60,19.65,1161.75,0
1696-MZVAU,1,0,1,1,39,25.25,947.75,0
7359-WWYJV,1,0,1,0,72,114.45,8375.05,0
0375-HVGXO,0,0,0,0,1,34.7,34.7,1
4906-ZHGPK,1,0,1,1,54,70.7,3770,0
8593-WHYHV,1,0,0,0,3,85.3,264.8,1
3795-GWTRD,0,0,1,1,63,75.55,4707.85,0
1298-PHBTI,1,0,1,1,71,84.8,6152.4,0
6223-DHJGV,0,0,0,0,42,20.65,958.1,0
6961-MJKBO,1,0,0,0,47,20.45,943,0
6097-EQISJ,0,0,1,1,66,102.45,6615.15,1
4423-YLHDV,0,0,1,0,21,104.4,2200.25,1
8158-WPEZG,1,0,0,0,11,35.65,425.1,0
0107-YHINA,1,0,0,1,1,99.75,99.75,1
4918-FYJNT,0,1,1,0,55,90.45,5044.8,0
0727-BNRLG,1,0,0,0,69,97.65,6743.55,0
4854-CIDCF,0,1,0,0,3,73.85,196.4,0
8640-SDGKB,1,0,0,0,4,74.4,299.7,1
3280-MRDOF,1,1,0,0,30,69.1,2093.9,0
6435-SRWBJ,0,0,0,0,5,82.75,417.75,0
9964-WBQDJ,0,0,1,0,71,24.4,1725.4,0
6303-KFWSL,0,0,0,0,29,55.25,1620.2,0
1702-CCFNJ,1,0,1,0,52,61.35,3169.55,0
8932-CZHRQ,1,0,0,0,68,76.75,5233.25,0
0386-CWRGM,0,0,1,1,46,19.4,967.85,0
5515-RUGKN,1,0,0,0,8,54.75,438.05,0
0404-AHASP,1,0,1,0,72,19.7,1421.9,0
7279-NMVJC,0,0,0,0,17,19.9,323.15,0
2081-VEYEH,1,0,0,0,3,107.95,318.6,0
6407-UTSLV,0,1,0,0,2,83.8,163.7,0
4116-TZAQJ,0,0,0,0,9,74.25,639.65,1
9060-HJJRW,0,0,0,0,51,56.4,2928.5,0
2587-YNLES,0,0,1,1,6,20.1,100.35,0
7398-SKNQZ,0,0,1,0,3,94.9,273.2,0
5935-FCCNB,0,1,0,0,17,94.2,1608.15,0
1958-RNRKS,1,0,1,0,30,49.9,1441.95,0
5136-RGMZO,1,0,0,0,31,71.05,2168.15,0
8345-MVDYC,0,0,0,0,45,81.65,3618.7,0
8226-BXGES,1,0,1,0,64,89.45,5692.65,0
3877-JRJIP,1,0,0,0,1,59.85,59.85,1
8375-DKEBR,0,1,0,0,1,69.6,69.6,1
9705-IOVQQ,1,1,1,1,61,99,5969.3,0
1015-OWJKI,1,0,0,0,1,19.05,19.05,0
7511-YMXVQ,1,0,0,0,9,45.4,418.8,1
2040-XBAVJ,1,0,1,1,72,114.45,8100.55,0
7551-JOHTI,0,0,0,0,1,19.5,19.5,1
8887-IPQNC,0,0,1,0,7,44.25,313.45,0
8646-JCOMS,0,0,1,0,66,90.55,6130.95,0
9804-ICWBG,1,0,0,0,1,69.9,69.9,1
1222-KJNZD,1,0,1,1,40,20.4,745.3,0
0106-GHRQR,1,0,0,0,16,71.4,1212.1,0
5318-IXUZF,0,0,0,0,2,87.15,183.75,1
3768-VHXQO,1,0,1,0,67,24.85,1583.5,0
8952-WCVCD,0,0,1,0,41,104.45,4162.05,0
2418-TPEUN,0,0,1,1,56,19.8,1119.9,0
3963-RYFNS,0,0,0,0,72,116.45,8013.55,0
3198-VELRD,0,0,1,1,3,84.75,264.85,1
8540-ZQGEA,0,0,1,0,54,20.05,1102.4,0
1320-REHCS,1,1,0,0,52,110.75,5832,0
4137-JOPHL,0,0,0,0,50,89.7,4304.5,0
9436-ZBZCT,1,0,0,0,14,89.95,1178.4,1
7801-CEDNV,1,0,1,0,27,48.7,1421.75,0
2057-BOYKM,0,1,1,0,72,96.6,6827.5,0
3658-QQJYD,1,0,0,0,62,74.3,4698.05,0
1803-BGNBD,0,0,0,0,12,54.3,654.5,0
0134-XWXCE,0,1,0,0,44,74.85,3268.05,0
6950-TWMYB,1,0,1,1,54,79.95,4362.05,0
5848-FHRFC,0,0,0,0,68,20.05,1386.9,0
2243-FNMMI,1,0,0,0,20,19.4,415.4,0
2511-MORQY,1,0,1,1,50,54.9,2614.1,0
5356-KZCKT,1,0,0,0,58,24.45,1513.6,0
9470-XCCEM,1,0,1,1,35,89.65,3161.6,0
6519-CFDBX,0,0,0,0,2,45.4,80.95,0
3902-MIVLE,1,0,1,1,63,75.7,4676.7,0
0409-WTMPL,0,0,1,0,58,110.65,6526.65,0
8763-KIAFH,0,0,1,1,27,20.55,583.3,0
3669-WHAFY,0,0,1,0,71,115.15,8078.1,0
3055-VTCGS,0,0,0,0,63,58.55,3503.5,0
3144-KMTWZ,1,0,1,0,71,93.25,6669.45,0
7279-BUYWN,0,1,0,0,41,113.2,4689.5,1
7156-MHUGY,1,1,0,0,13,90.5,1201.15,1
7198-GLXTC,1,0,0,0,2,79,143.65,1
2007-QVGAW,0,0,1,1,68,19.35,1292.65,0
5207-PLSTK,1,0,1,1,1,48.75,48.75,0
2307-FYNNL,1,1,0,0,65,109.05,7108.2,0
5605-XNWEN,1,1,1,0,72,25,1802.55,0
2155-AMQRX,0,0,0,0,28,54.9,1505.15,0
6181-AXXYF,1,0,1,1,72,24.75,1859.1,0
5091-HFAZW,0,0,0,0,2,91.15,168.5,0
0516-VRYBW,0,0,0,1,18,20.15,390.85,1
2519-LBNQL,1,1,1,0,60,104.35,6339.45,0
8623-ULFNQ,0,1,0,0,26,66.05,1652.4,0
8380-PEFPE,1,0,0,1,1,71.65,71.65,1
5687-DKDTV,0,0,0,0,4,20.35,77.5,1
1568-LJSZU,1,0,1,1,68,92.2,6392.85,0
7530-HDYDS,0,0,0,0,38,84.25,3264.5,1
7789-HKSBS,0,1,1,0,42,105.2,4599.15,0
7416-CKTEP,0,0,1,0,57,19.6,1134.25,0
2586-CWXVV,1,0,1,0,54,30.4,1621.35,0
3096-IZETN,0,0,0,0,12,78.1,947.3,1
2348-KCJLT,0,0,1,0,44,61.5,2722.2,0
8401-EMUWF,1,0,1,1,42,69.4,3058.3,0
4193-IBKSW,1,0,1,1,72,24.75,1769.6,0
5377-NDTOU,0,0,1,1,71,91.05,6293.75,0
5922-ABDVO,0,0,1,0,19,89.65,1761.05,1
2474-LCNUE,0,0,1,0,23,73.65,1642.75,0
0839-QNXME,0,0,0,0,30,19.4,578.5,0
3506-OVLKD,1,0,0,0,35,26.2,954.9,0
9172-ANCRX,0,0,0,0,10,98.7,973.25,1
6650-VJONK,1,0,0,0,1,43.85,43.85,0
2178-PMGCJ,1,0,0,0,22,69.7,1490.4,0
7492-TAFJD,1,0,1,1,7,38.55,280,0
2773-MADBQ,0,0,0,0,36,53.1,1901.25,0
6016-LVTJQ,0,0,1,1,34,20.65,716.4,0
7860-KSUGX,1,0,1,1,72,64.45,4720,0
8966-KZXXA,1,0,1,1,36,25.1,930.95,0
6910-HADCM,0,0,0,0,1,76.35,76.35,1
4816-LXZYW,0,0,0,0,23,79.15,1676.95,1
9606-PBKBQ,1,1,1,0,32,85,2642.05,1
5149-QYTTU,0,0,1,1,71,95.15,6770.85,0
2070-XYMFH,0,1,0,0,23,79.35,1835.3,0
2085-BOJKI,1,0,1,0,17,96.65,1588.25,0
0817-HSUSE,1,0,0,0,1,75.5,75.5,0
5442-PPTJY,1,0,1,1,12,19.7,258.35,0
1927-QEWMY,0,0,1,0,72,20.5,1502.25,0
1663-MHLHE,1,0,0,0,1,19.2,19.2,0
5663-QBGIS,1,1,1,0,72,98.35,6929.4,0
4450-MDZFX,1,0,1,1,60,74.35,4453.3,0
6701-DHKWQ,0,0,1,1,61,51.35,3244.4,0
7554-AKDQF,0,0,1,0,6,45.65,323.45,0
3536-IQCTX,1,1,1,0,32,85.3,2661.1,1
4911-BANWH,0,0,0,1,31,86.55,2697.4,1
8496-EJAUI,1,0,0,0,19,73.85,1424.5,1
0794-YVSGE,1,0,1,1,72,20.3,1401.15,0
5423-BHIXO,0,0,0,0,32,54.2,1739.6,0
6908-VVYHM,1,0,1,0,65,90.65,5931,0
2959-EEXWB,0,0,1,1,45,50.9,2333.85,0
1839-UMACK,1,0,0,0,42,25.05,949.85,0
3030-YDNRM,1,0,0,0,8,74.85,572.45,0
7321-KKSDU,1,0,0,1,32,20.5,696.8,0
3402-XRIUO,0,1,1,0,22,63.55,1381.8,0
3132-TVFDZ,1,1,1,0,57,44.85,2572.95,1
8286-AFUYI,1,0,0,0,1,47.95,47.95,0
8080-DDEMJ,1,1,0,0,1,45.1,45.1,1
8356-WUAOJ,0,0,1,0,1,45,45,0
6365-MTGZX,1,0,0,0,24,96,2122.45,1
1349-WXNGG,1,0,0,0,1,20.05,20.05,1
8058-DMYRU,1,1,0,0,54,90.05,4931.8,0
9350-ZXYJC,0,0,0,0,4,25.3,116.95,0
6990-YNRIO,1,0,1,1,65,108.65,6937.95,1
8958-JPTRR,0,0,1,0,56,24.3,1261.7,0
6959-GQEGV,1,0,0,0,45,75.95,3273.8,0
3173-WSSUE,0,0,1,1,71,19.7,1415.85,0
1265-HVPZB,1,0,1,0,59,66.4,3958.2,0
4115-UMJFQ,1,0,0,0,69,35.75,2492.25,0
7369-TRPFD,1,0,0,0,19,18.8,279.2,0
1098-KFQEC,0,0,1,1,55,19.4,1083,0
7190-XHTWJ,0,0,0,0,38,19.3,755.5,0
0621-TWIEM,1,0,0,0,10,45.55,402.6,1
3537-RYBHH,0,1,1,0,47,67.45,3252,0
2485-ITVKB,0,0,1,0,2,35.1,68.75,1
3669-OYSJI,1,0,0,0,1,46.2,46.2,1
1612-EOHDH,0,0,0,0,1,45.15,45.15,1
6702-OHFWR,1,1,0,0,1,43.3,43.3,1
5296-BFCYD,1,0,1,1,46,20.1,936.85,0
4510-PYUSH,0,1,0,0,38,57.15,2250.65,1
9359-JANWS,0,0,1,0,65,58.9,3857.1,0
7517-SAWMO,0,0,1,0,19,73.2,1441.1,1
4143-HHPMK,1,0,0,0,52,85.35,4338.6,1
3279-DYZQM,1,0,1,1,71,19.45,1378.45,0
7054-LGEQW,0,0,0,0,1,45.95,45.95,1
0523-VNGTF,0,1,0,0,52,50.5,2566.3,0
9575-IWCAZ,1,0,1,0,6,25.1,171,0
7105-MXJLL,0,1,1,0,26,60.7,1597.4,0
7064-FRRSW,1,1,0,0,48,99,4744.35,0
7940-UQQUG,0,0,1,1,64,104.4,6721.6,0
0923-PNFUB,0,0,0,0,3,83.75,247.25,1
3961-SXAXY,1,0,0,0,1,44.05,44.05,0
7010-BRBUU,1,0,1,1,72,24.1,1734.65,0
3566-HJGPK,1,0,0,0,1,45.55,45.55,0
3062-ICYZQ,0,0,1,1,51,93.8,4539.35,0
9938-PRCVK,0,0,1,1,41,19.7,804.25,0
0973-KYVNF,0,0,1,1,72,70.65,5011.15,0
5129-HHMZC,0,0,1,0,43,86.45,3574.5,0
9637-CDTKZ,1,0,1,0,72,114.1,8086.4,0
3946-JEWRQ,1,0,1,0,47,95.2,4563,0
7873-CVMAW,1,0,0,0,72,88.55,6362.35,0
0463-WZZKO,1,0,0,0,3,20.75,67.1,0
3494-JCHRQ,1,0,0,0,1,70.05,70.05,1
6474-FVJLC,1,0,0,0,2,86,165.45,1
4524-QCSSM,1,0,0,0,26,44.65,1156.55,0
5832-EXGTT,1,0,1,1,29,60.2,1834.15,0
8840-DQLGN,0,1,1,0,35,100.5,3653.35,1
2039-JONDJ,1,0,0,0,27,55.45,1477.65,0
7217-JYHOQ,1,0,1,1,24,70.3,1706.45,0
6695-FRVEC,1,0,1,1,67,60.4,3953.7,0
4547-LYTDD,0,0,0,0,16,72.65,1194.3,1
9894-QMIMJ,0,0,0,0,23,55.8,1327.85,0
8069-YQQAJ,1,0,0,0,14,31.1,419.7,0
6770-XUAGN,0,0,1,1,1,21,21,1
4193-ORFCL,0,1,0,0,1,45.1,45.1,1
1636-NTNCO,1,1,0,0,4,50.95,207.35,0
3466-WAESX,1,0,0,1,16,69.1,1083.7,0
9281-PKKZE,0,0,1,0,46,43.95,2007.85,0
3638-VBZTA,1,0,0,1,68,86.5,5882.75,0
7459-IMVYU,1,0,0,0,38,69.95,2657.55,0
7776-QWNFX,1,1,1,0,30,50.4,1527.5,1
6689-TCZHQ,0,1,0,0,5,78.95,378.4,1
8563-OYMQY,1,0,0,0,17,90.95,1612.2,0
0754-EEBDC,1,0,1,1,4,19.9,76.65,0
5777-ZPQNC,0,0,0,0,12,20.15,260.7,0
1951-IEYXM,1,0,1,1,72,90.6,6441.85,0
3318-NMQXL,1,0,0,0,3,92,266.8,0
3143-ILDAL,1,0,0,0,56,94.45,5124.6,1
1022-RKXDR,0,0,0,0,41,24.85,962.25,0
2361-FJWNO,1,0,0,0,40,36,1382.9,0
2272-UOINI,0,0,0,0,7,78.5,571.05,0
8232-UTFOZ,1,0,0,0,69,19.95,1399.35,0
3750-YHRYO,1,0,1,1,7,20.65,150,0
6637-KYRCV,0,0,1,1,5,30.5,167.2,0
5668-MEISB,0,0,1,1,72,106.1,7657.4,0
0129-QMPDR,1,0,1,1,44,20.5,865.05,0
7188-CBBBA,0,0,0,0,65,95.5,6153.85,0
5356-CSVSQ,0,0,0,0,3,64.6,174.2,0
3221-CJMSG,1,0,0,0,24,51.1,1269.6,0
4720-VSTSI,0,0,0,0,44,84.8,3862.55,1
3219-JQRSL,0,1,1,0,72,89.1,6352.4,0
2801-NISEI,1,0,0,0,24,54.95,1348.5,0
3946-MHCZW,1,0,0,0,1,50.9,50.9,1
4623-ZKHLY,1,0,1,0,22,20.45,471.55,0
6732-VAILE,1,0,1,1,70,85.95,5931.75,0
8201-AAXCB,1,0,1,1,25,60.35,1404.65,0
7696-CFTAT,1,0,1,1,37,19.8,726.1,0
1845-CSBRZ,0,1,1,1,22,85.35,1961.6,0
2123-VSCOT,0,0,1,1,59,72.1,4194.85,0
6651-AZVTJ,1,0,1,1,49,99.8,4872.45,1
4566-GOLUK,1,0,1,1,47,107.35,5118.95,1
2484-DGXPZ,0,0,1,1,31,19.55,658.95,1
2018-QKYGT,1,0,1,1,1,81.05,81.05,0
2792-VPPET,1,0,0,0,3,20.5,76.95,0
7409-JURKQ,0,0,1,0,53,111.8,5809.75,0
3247-MHJKM,1,0,0,0,1,20.2,20.2,0
1964-SVLEA,1,0,0,0,20,19.7,415.9,0
4587-NUKOX,0,0,0,0,3,79.1,246.5,1
7297-DVYGA,0,0,0,0,51,19.85,996.95,0
2239-CGBUZ,0,0,1,0,51,60.5,3145.15,0
0854-UYHZD,0,0,1,1,13,19.55,265.3,0
7243-LCGGZ,0,0,0,0,1,20.9,20.9,0
8267-KFGYD,1,0,0,1,1,21.05,21.05,0
4890-VMUAV,1,0,0,0,63,71.5,4576.3,0
9261-WDCAF,1,0,0,0,3,54.65,189.1,0
3764-MNMOI,1,0,0,0,46,19.2,908.15,0
7442-YGZFK,1,0,0,0,1,49.8,49.8,0
0420-BWTPW,1,0,0,1,8,25.5,215.2,1
8229-BUJHX,0,0,1,1,71,20.5,1500.95,0
7449-HVPIV,1,0,1,1,55,90.4,5099.15,0
5504-WSIUR,0,0,0,0,70,90.25,6385.95,0
8183-ONMXC,0,0,0,0,2,80.75,159.45,1
8466-PZBLH,1,0,1,1,67,104.6,6885.75,0
9614-RMGHA,1,0,1,0,65,91.85,5940.85,1
8735-IJJEG,1,0,1,0,14,50.2,668.85,0
0564-MUUQK,0,0,1,1,20,95.5,1916.2,0
5054-IEXZT,1,0,0,1,1,75.35,75.35,1
5834-ASPWA,1,0,0,0,1,75.45,75.45,1
0701-RFGFI,0,0,1,1,49,95.4,4613.95,0
0019-EFAEP,0,0,0,0,72,101.3,7261.25,0
5619-PTMIK,0,0,1,0,46,53.1,2459.8,0
3737-XBQDD,1,0,0,0,24,84.85,2048.8,0
5882-CMAZQ,0,0,1,1,5,34.25,163.55,0
5846-QFDFI,0,0,1,1,33,88.6,2888.7,0
4445-KWOKW,0,0,0,0,42,60.15,2421.6,0
3511-APPBJ,1,0,0,0,23,99.95,2292.75,0
7967-HYCDE,1,0,0,0,8,70.7,553.4,0
2430-RRYUW,1,0,0,0,66,54.8,3465.7,0
3948-XHGNA,1,0,0,0,24,49.55,1210.4,1
3723-BFBGR,1,1,0,0,24,54.8,1291.3,0
0565-IYCGT,1,0,0,0,69,78.6,5356.45,1
5447-WZAFP,0,0,0,0,53,100.3,5200.8,0
5110-CHOPY,0,0,0,0,60,53.6,3237.05,0
5445-UTODQ,0,0,1,0,7,81.1,576.65,1
4425-OWHWB,0,0,0,0,20,19.35,433.75,0
7892-QVYKW,0,0,1,1,23,85.6,1868.4,0
9675-ICXCT,1,0,1,1,72,80.8,5728.55,0
1024-VRZHF,1,0,1,0,11,74.95,825.7,1
4703-MQYKT,1,0,0,0,21,19.6,390.4,0
9497-QCMMS,1,1,0,0,1,93.55,93.55,1
5692-ICXLW,1,1,0,0,31,90.7,2845.15,0
0602-DDUML,0,0,0,0,57,69.75,3894.4,0
2208-MPXIO,0,0,1,1,45,20,886.4,0
1960-UYCNN,1,0,0,0,10,95.25,1021.55,0
0348-SDKOL,0,0,1,0,58,102.1,5885.4,1
3190-FZATL,1,0,0,1,14,19.95,268.4,0
7336-RLLRH,1,0,1,0,27,80.85,2204.35,0
4373-MAVJG,0,0,1,1,14,90.9,1259,1
8901-HJXTF,0,0,1,1,12,29.2,309.1,1
7710-JSYOA,0,0,1,1,69,93.3,6398.05,0
5419-KLXBN,0,0,1,1,25,89.15,2257.75,1
3424-NMNBO,1,1,1,0,58,108.85,6287.25,1
9885-MFVSU,0,0,1,1,35,46.35,1662.05,0
4514-GFCFI,0,1,0,0,16,84.75,1350.15,1
0607-MVMGC,1,0,1,1,45,78.75,3600.65,0
3365-SAIGS,0,0,0,0,17,83.55,1329.15,0
9828-AOQLM,0,0,1,1,1,45.7,45.7,1
8022-BECSI,1,0,0,0,22,19.6,422.5,0
8000-REIQB,0,1,0,0,1,69.95,69.95,1
9993-LHIEB,1,0,1,1,67,67.85,4627.65,0
0266-CLZKZ,0,0,1,1,67,105.65,6717.9,0
7615-ESMYF,0,0,1,0,2,44.6,97.1,1
